ID,x,d
1,3.898060117,0
2,3.650428835,1
3,3.120516004,1
4,0.81092914,1
5,2.141703619,1
6,2.018420137,1
7,3.348849848,1
8,0.021493003,1
9,4.588898149,1
10,3.949489128,1
11,0.816370962,1
12,5.974041854,1
13,2.881129986,1
14,1.776204656,1
15,0.772307993,1
16,5.738445594,1
17,2.183274774,1
18,1.93630811,1
19,4.793285521,0
20,0.76423755,1
21,0.934162012,1
22,2.264587102,1
23,1.197847397,1
24,0.406477625,1
25,4.1744357,1
26,0.360147638,1
27,3.248041723,1
28,4.599744673,1
29,3.664574146,1
30,4.741760316,1
31,2.310847664,1
32,4.507588995,1
33,1.822665393,1
34,4.480326949,1
35,2.639963047,0
36,0.33210609,1
37,4.762454992,1
38,4.330970347,0
39,3.818334866,1
40,3.961203062,1
41,3.799304094,0
42,0.859186582,1
43,5.336028244,0
44,0.885194187,1
45,3.537845528,1
46,2.974786683,0
47,4.044757269,0
48,4.391004729,0
49,5.52078286,0
50,3.731397343,0
51,0.531646397,1
52,5.222747775,1
53,1.391242425,0
54,2.166365606,0
55,5.30626257,0
56,0.637148788,1
57,5.418218436,0
58,5.687453784,1
59,2.66878073,0
60,3.71865669,1
61,3.515015103,1
62,0.534706023,1
63,5.320885617,0
64,1.860639553,1
65,4.716806546,1
66,1.110158829,0
67,3.354582555,1
68,3.984211327,1
69,2.694412448,1
70,4.573837879,0
71,1.29155829,1
72,3.637062819,0
73,3.856972966,1
74,1.694812151,1
75,1.827239717,1
76,1.067754176,1
77,1.723039334,0
78,4.285458701,0
79,2.005245324,1
80,0.854273686,0
81,3.000881083,1
82,5.202012702,1
83,1.474460945,1
84,0.906513905,1
85,2.509051006,1
86,0.87205675,1
87,5.732047415,1
88,2.49560172,1
89,0.080619063,1
90,3.259504392,0
91,2.054897155,1
92,0.703536119,1
93,3.46309527,0
94,0.352500313,1
95,0.84121646,1
96,5.782807986,0
97,2.821182792,1
98,2.697807276,1
99,3.038236814,1
100,5.40922421,1
101,5.176065318,0
102,1.842851374,1
103,1.163674161,0
104,0.990111135,1
105,2.717176723,1
106,5.014430975,1
107,4.257446513,1
108,0.24627449,1
109,0.636616962,1
110,4.906457913,1
111,1.692412605,1
112,4.129951017,1
113,0.293357941,1
114,5.968626311,1
115,3.37722678,1
116,1.512528767,1
117,3.362021452,1
118,4.960856505,1
119,1.801864216,1
120,3.381959294,0
121,2.66940674,0
122,3.035617302,1
123,4.895918269,0
124,0.552645892,1
125,5.476560241,1
126,5.178261623,0
127,4.927943893,0
128,5.585241706,1
129,3.660981103,0
130,2.468010783,0
131,3.901778108,0
132,4.007940605,1
133,1.737699903,1
134,2.537624155,1
135,5.855648206,0
136,0.699556555,1
137,4.918828158,1
138,1.768112054,1
139,2.794901579,0
140,4.310545948,1
141,3.100352374,1
142,3.00089266,1
143,3.644156154,0
144,0.766365076,1
145,1.05201064,1
146,0.766696517,1
147,0.801240946,1
148,5.697756888,1
149,5.797364952,1
150,4.512417335,0
151,1.358802763,1
152,1.396162513,1
153,1.92791253,1
154,1.272046721,1
155,1.439225579,0
156,4.762774399,0
157,0.130349045,1
158,4.972617069,1
159,0.426512274,1
160,1.86523627,0
161,5.375893884,1
162,0.930530284,1
163,3.776726218,1
164,1.948811126,0
165,4.371933089,1
166,3.774298372,0
167,1.412378135,1
168,3.4716194,1
169,0.678850698,1
170,1.916199288,1
171,1.439804963,1
172,2.177334991,1
173,4.609327867,1
174,1.595152045,0
175,1.704877598,0
176,1.496348016,1
177,0.328360395,1
178,4.307437088,0
179,3.286656807,0
180,2.38082567,1
181,5.219684353,1
182,5.255802506,1
183,4.673709143,1
184,2.327092698,1
185,4.48473678,1
186,0.85336313,1
187,2.350188939,0
188,3.301895918,1
189,3.157563597,0
190,3.047835688,1
191,5.434209293,1
192,4.89766608,0
193,4.428230368,0
194,3.655185892,1
195,5.576000608,1
196,2.762410854,1
197,3.926416337,1
198,4.011981179,1
199,2.416134126,1
200,0.125360397,1
201,4.132995765,0
202,0.668699094,1
203,5.326594739,1
204,5.457497955,0
205,3.036835499,1
206,5.109229727,0
207,4.317134986,1
208,4.422491536,1
209,0.448853652,1
210,1.782263902,1
211,0.866244166,1
212,1.060473021,1
213,3.699244372,0
214,1.970009705,1
215,3.118710226,0
216,0.770802123,1
217,3.688675864,1
218,4.423791975,0
219,3.038197002,1
220,1.529902999,1
221,0.944821226,1
222,2.419449891,1
223,5.77075735,1
224,1.942744125,1
225,3.562872456,1
226,2.014173355,1
227,4.31377845,1
228,1.606549704,1
229,4.849475355,0
230,2.533347099,1
231,0.911557873,1
232,3.623804575,1
233,5.19857609,1
234,2.992300312,1
235,4.704678389,1
236,4.653889602,1
237,3.695861682,1
238,1.10304479,0
239,0.880770965,1
240,5.224019457,1
241,0.39100121,1
242,3.700763267,1
243,5.894618362,1
244,4.639728107,1
245,5.865840304,1
246,2.647063055,0
247,0.251335812,1
248,3.422930667,0
249,5.668429877,0
250,2.63748081,1
251,4.118483288,1
252,4.485560778,0
253,3.704287675,0
254,3.412500713,1
255,3.388723225,1
256,1.675802729,1
257,0.11093081,1
258,3.918592459,1
259,1.831420305,1
260,0.730877045,1
261,4.008994277,0
262,0.096194422,1
263,2.613883048,1
264,0.613659893,1
265,1.993719395,0
266,1.994094966,1
267,0.466632787,1
268,4.739760073,0
269,0.93597277,1
270,2.24925378,1
271,3.03880658,1
272,0.693233424,1
273,5.795130633,1
274,3.575600498,1
275,3.649531146,1
276,5.850014663,0
277,3.727939099,1
278,2.095780177,1
279,5.854067175,0
280,1.959676688,1
281,0.415235608,1
282,5.686255864,1
283,3.819625071,0
284,0.509555338,1
285,0.092275126,1
286,0.59311735,1
287,4.441882019,1
288,1.035135418,0
289,5.715204419,1
290,3.732522145,1
291,0.360031521,1
292,2.261001001,1
293,2.302755942,1
294,1.288045924,1
295,4.609128565,1
296,1.668335668,1
297,1.020850346,1
298,0.219630664,1
299,4.201304864,1
300,4.131021522,0
301,0.77849526,1
302,0.273210893,1
303,1.571843841,1
304,2.315458526,1
305,5.017364769,1
306,1.161274047,1
307,3.199785207,1
308,4.584843327,0
309,4.007553892,1
310,3.383145387,1
311,4.218535468,1
312,4.505576625,1
313,5.067213739,1
314,0.975361644,1
315,0.408489758,1
316,1.222380266,1
317,3.691389705,1
318,4.207817957,1
319,5.417801338,1
320,1.486614257,1
321,5.555207325,0
322,3.344879094,0
323,3.712199412,1
324,3.821720829,0
325,2.333078565,1
326,5.783400695,1
327,0.266094473,1
328,0.788426121,1
329,4.032659512,0
330,0.195239003,1
331,1.529007284,1
332,3.234435156,1
333,1.039432176,1
334,1.294622095,1
335,5.75389557,1
336,2.895176395,0
337,0.081591851,1
338,1.934437542,1
339,2.900347349,1
340,4.081366696,1
341,4.9615547,1
342,4.093423911,0
343,4.016290511,0
344,0.597804599,1
345,4.814145457,1
346,5.312340357,1
347,4.947394867,1
348,3.559684007,0
349,1.187600324,1
350,4.699710495,0
351,5.133650006,0
352,1.259978,0
353,1.80508008,0
354,5.025861208,1
355,4.509164194,1
356,3.956596705,1
357,1.615390279,0
358,0.685585978,1
359,4.896810753,0
360,4.497468264,1
361,1.909343337,1
362,0.289484667,1
363,0.203398386,1
364,5.700656207,1
365,2.560971751,1
366,3.563191161,1
367,1.643297257,0
368,2.203557545,1
369,5.104863794,0
370,2.30983167,0
371,2.685174742,1
372,3.929102653,1
373,1.093439637,1
374,0.361053538,1
375,2.413467303,0
376,4.584282701,0
377,3.225640177,1
378,1.868231369,1
379,0.161548742,1
380,1.803802974,1
381,3.814607221,1
382,5.920163458,0
383,4.033197583,1
384,4.277118432,1
385,5.394747279,0
386,2.865265803,1
387,0.548841179,1
388,3.026554518,1
389,2.031953379,1
390,3.139251965,1
391,2.671467811,0
392,0.376929681,1
393,0.178842313,1
394,5.872719469,1
395,2.029111522,1
396,2.575804558,0
397,2.157158499,1
398,2.669805114,1
399,5.299735271,1
400,0.320654722,1
401,1.05170765,1
402,4.943029528,0
403,3.687194165,1
404,5.64389374,0
405,1.199034832,1
406,4.396897769,1
407,0.971479538,0
408,0.569510416,1
409,4.192084707,0
410,4.211607123,1
411,3.05997535,1
412,0.284997048,1
413,1.281191778,1
414,1.687046853,1
415,3.442839134,0
416,4.027313146,1
417,2.741076893,1
418,1.175120516,1
419,2.182840829,0
420,2.458083908,1
421,5.23038154,1
422,5.088933616,0
423,1.99897103,1
424,1.740397214,1
425,0.33773892,1
426,0.660826296,1
427,2.847124655,1
428,4.891566522,0
429,1.263392943,1
430,2.898785891,0
431,2.75135787,1
432,4.852415479,1
433,2.725776229,1
434,3.156559539,1
435,0.213700675,1
436,4.24796988,0
437,0.622857685,1
438,2.630188438,0
439,1.770389778,1
440,3.946892408,0
441,1.265622349,0
442,3.983940188,1
443,0.461063336,1
444,3.896950924,1
445,3.928190812,1
446,0.569374395,1
447,2.809410882,1
448,5.067647539,1
449,1.252076193,1
450,4.608123819,1
451,4.644588006,1
452,3.00042986,1
453,2.18612317,1
454,5.549105909,0
455,2.200988696,1
456,2.18515523,1
457,5.339497373,0
458,1.220629273,1
459,4.797804069,1
460,2.073660749,1
461,2.740172677,0
462,3.59661263,1
463,3.80735432,0
464,3.96340875,1
465,0.396203468,1
466,2.015136965,1
467,0.863085078,1
468,3.101850715,0
469,3.008916856,0
470,1.73460088,1
471,5.13642839,0
472,1.836581387,1
473,4.490050442,1
474,0.40189511,1
475,3.870234533,1
476,0.299820798,1
477,1.405618159,1
478,0.404978232,1
479,4.288732786,1
480,3.637174022,1
481,5.608325526,1
482,3.331882666,0
483,2.044145376,1
484,5.840005436,0
485,3.00750484,1
486,4.57020393,1
487,2.821264846,1
488,2.75805521,1
489,3.928594155,1
490,5.788393145,0
491,1.705488028,1
492,4.174408587,1
493,0.628075897,1
494,0.069498079,1
495,2.871164117,1
496,5.829553991,0
497,2.664569973,1
498,4.757949896,0
499,3.855804641,1
500,0.271824271,1
501,4.546126957,0
502,0.715943958,1
503,0.725691759,1
504,4.95533235,1
505,5.680622967,1
506,1.12477083,1
507,4.82348058,1
508,4.728425483,0
509,1.509860825,1
510,4.320612126,1
511,0.030945268,1
512,5.184615406,0
513,4.137607937,0
514,0.758034103,1
515,5.400212502,0
516,0.961770573,1
517,3.145286806,1
518,1.158690859,1
519,2.702495836,1
520,2.533962359,0
521,4.476314283,0
522,4.08747705,0
523,3.104615935,1
524,4.613543332,1
525,0.038718283,1
526,5.087297663,0
527,0.651192516,1
528,3.903116861,0
529,0.949286694,1
530,2.12959659,1
531,2.148058674,1
532,5.604551431,0
533,3.091518722,1
534,3.045608329,0
535,5.577486564,0
536,4.067755977,1
537,1.845180191,1
538,3.865200379,1
539,2.377283033,1
540,4.781745969,0
541,4.718104527,0
542,3.3618598,1
543,4.990931227,0
544,0.674511893,1
545,5.100962586,1
546,5.267909076,1
547,1.552901254,1
548,2.677130264,1
549,1.140293482,1
550,2.743096446,0
551,5.656787885,1
552,5.591339011,0
553,4.769666248,1
554,4.229406865,1
555,0.877118961,1
556,3.187756418,1
557,1.384170656,0
558,0.790454332,1
559,1.392984573,1
560,3.666468196,1
561,0.244068983,1
562,5.849555757,0
563,0.117179435,1
564,2.176978493,1
565,2.21346106,0
566,4.014746435,0
567,2.95663135,1
568,2.296690028,1
569,5.667118442,1
570,2.920644263,1
571,4.0179259,0
572,0.722043419,1
573,5.111665147,1
574,4.338031392,0
575,2.378319183,0
576,4.637841247,1
577,4.549811709,0
578,4.934211632,1
579,4.477783226,1
580,4.843344997,0
581,2.367815638,0
582,4.787419259,1
583,5.878230981,0
584,5.457844776,0
585,2.463703678,1
586,4.16825296,1
587,3.619504415,0
588,0.167430807,1
589,0.196388913,1
590,2.198151874,1
591,3.474689315,1
592,4.441006212,1
593,2.647887887,1
594,0.363384886,1
595,4.583170175,1
596,1.436011794,1
597,1.504074935,1
598,4.289842496,1
599,5.029602505,1
600,1.995175573,1
601,3.595373131,1
602,0.227959091,1
603,5.38407433,0
604,3.804525311,1
605,2.182338524,1
606,5.998498427,0
607,5.862047987,0
608,4.434204797,0
609,2.065095111,1
610,0.535974672,1
611,3.976983099,1
612,0.622092923,1
613,0.01214522,1
614,0.329699117,1
615,0.455692439,1
616,3.651546083,1
617,0.859497222,1
618,2.589465118,0
619,1.160430429,1
620,2.532873691,1
621,4.429187462,1
622,3.564351361,1
623,3.349962339,1
624,0.404085847,1
625,2.438000738,1
626,0.882162343,1
627,4.079137839,1
628,0.328775404,1
629,3.428555503,1
630,5.254500273,1
631,1.340975412,1
632,1.423133985,1
633,0.309418307,1
634,1.704760552,0
635,4.388452764,1
636,3.612498034,0
637,5.800842407,0
638,3.082702686,1
639,2.665351948,0
640,0.007493703,1
641,4.752218579,1
642,2.696376089,1
643,5.903967727,1
644,1.394114929,1
645,3.782279193,1
646,0.026947805,1
647,5.231187846,1
648,4.554709631,0
649,1.993482192,1
650,3.930219142,1
651,3.918889392,1
652,2.141748165,1
653,4.266935999,1
654,2.761090157,1
655,5.040649732,1
656,2.345532995,1
657,1.937103749,1
658,3.685672761,1
659,3.420458482,0
660,4.716957724,1
661,0.614433944,1
662,4.230444498,1
663,5.756347485,1
664,3.784811125,0
665,0.128679669,1
666,5.926580517,1
667,2.216975408,1
668,5.106309911,1
669,5.624253067,0
670,4.803760396,0
671,1.745188296,1
672,3.893629256,1
673,3.393635763,0
674,1.596888905,1
675,1.413137318,1
676,4.827001338,1
677,4.18791276,1
678,1.119038162,1
679,5.299218722,1
680,2.148568322,1
681,0.782263421,1
682,5.492268238,0
683,4.243956899,1
684,0.443549107,1
685,0.672019239,1
686,5.39973703,0
687,5.977650007,0
688,4.610799148,1
689,1.596686912,1
690,3.795943967,1
691,0.322662323,1
692,0.766396004,1
693,1.144229771,1
694,2.321776264,1
695,4.282070992,1
696,0.595774186,1
697,1.438208523,1
698,1.364537668,0
699,3.874253867,1
700,1.605530611,1
701,0.493900234,1
702,4.125067107,0
703,3.312108888,1
704,0.704391434,1
705,5.942534074,1
706,4.069897302,0
707,3.18881969,1
708,2.160056098,1
709,0.409183348,1
710,1.153598079,1
711,0.036914422,1
712,5.609255178,0
713,1.00476322,1
714,5.906678758,1
715,5.025035917,0
716,2.774221097,1
717,5.873500813,0
718,3.489265214,1
719,1.145669051,1
720,4.88867009,1
721,0.83548034,1
722,0.761576646,1
723,4.599573017,1
724,5.088241928,1
725,4.021668701,1
726,0.574786734,1
727,4.488084633,0
728,1.868673952,1
729,1.561588156,1
730,0.368358887,1
731,1.957677613,1
732,0.479607013,1
733,2.766746154,0
734,3.514850715,1
735,3.179487052,1
736,3.615191121,1
737,4.752005882,1
738,5.257396243,0
739,2.620527455,0
740,2.494799757,1
741,5.337991104,1
742,0.053067903,1
743,0.096982389,1
744,5.943782654,1
745,4.830089641,0
746,1.88296453,0
747,5.870812596,1
748,0.737589715,1
749,0.274915029,1
750,0.444617797,1
751,5.900033264,0
752,3.524475122,1
753,1.374772085,1
754,0.329284493,1
755,4.060576307,1
756,2.752004493,1
757,0.367484238,1
758,1.985340698,1
759,4.565942602,1
760,0.653732152,1
761,0.464329634,1
762,2.58071718,0
763,5.165662739,1
764,3.061704238,1
765,0.580073149,1
766,5.519750075,0
767,0.656049383,1
768,0.593277229,1
769,4.950877389,0
770,0.460993815,1
771,5.472963776,0
772,5.130687853,1
773,3.995032914,1
774,5.644547356,1
775,0.021358668,1
776,2.901724999,1
777,4.81666586,1
778,4.107704089,1
779,0.381103369,1
780,5.171183919,0
781,3.949917954,1
782,2.82064778,1
783,2.700207897,1
784,5.491719628,1
785,4.319130724,1
786,2.509259067,0
787,1.917673958,1
788,2.337626659,1
789,1.451739626,1
790,1.961366974,1
791,2.877665826,1
792,2.637905616,1
793,2.204696535,1
794,3.855017814,1
795,3.31056287,1
796,1.143384481,1
797,5.100185979,0
798,5.790541417,0
799,4.907158411,0
800,1.473693003,1
801,3.998591337,0
802,1.95051686,1
803,0.648583086,1
804,3.122641732,1
805,2.90898666,1
806,2.824216895,1
807,2.63997506,0
808,1.179486004,1
809,5.378264708,1
810,0.936359035,1
811,3.814281672,1
812,5.079017909,1
813,0.473671342,1
814,1.117473368,1
815,5.371002926,1
816,3.310989014,1
817,4.729804206,0
818,3.635905995,1
819,5.61975649,1
820,2.581329409,1
821,5.327957923,0
822,2.948002664,0
823,0.361133721,1
824,4.965561814,0
825,0.790419365,1
826,0.485774011,1
827,0.06926058,1
828,2.488920193,1
829,0.496512845,1
830,0.872357559,1
831,4.497193171,1
832,3.597498551,1
833,2.773155621,1
834,3.643146447,1
835,2.616313219,0
836,2.952582954,1
837,2.40093038,1
838,4.075202455,1
839,2.529226782,0
840,4.276714816,1
841,0.284716174,1
842,2.239844756,1
843,5.655106032,0
844,4.808100898,0
845,2.178869844,1
846,5.022724486,0
847,5.394632376,0
848,1.711621714,1
849,3.273826677,0
850,1.936708923,1
851,2.424895834,1
852,1.797644604,1
853,0.818874303,1
854,1.872634464,0
855,1.212679655,1
856,0.393064308,1
857,2.833659994,0
858,5.223643568,1
859,3.578491394,1
860,5.290536223,0
861,5.842522914,1
862,4.481149226,1
863,3.218684615,0
864,4.490309526,1
865,2.980502864,1
866,2.698608256,1
867,2.15870126,1
868,0.413139465,1
869,4.913243132,1
870,1.066499003,0
871,2.78092727,0
872,3.060619463,1
873,0.427181636,1
874,1.055913184,1
875,2.432135391,0
876,1.184307877,0
877,2.979806766,1
878,0.809687537,1
879,0.893621655,1
880,1.097762093,1
881,0.878195838,1
882,3.333255216,0
883,4.744989249,0
884,1.680549656,0
885,5.985752763,0
886,5.087224368,0
887,3.198529034,0
888,4.252277745,1
889,3.43306562,1
890,4.490299145,0
891,4.437637636,1
892,0.692327329,1
893,1.816034423,1
894,1.929724327,1
895,2.685019496,1
896,1.905364057,1
897,2.644385019,0
898,4.743281749,1
899,2.79440726,0
900,4.98707742,1
901,5.021126569,0
902,4.195595934,1
903,4.250153162,0
904,2.464505562,1
905,2.036487133,1
906,4.228153696,1
907,3.611190751,1
908,1.006358118,1
909,2.215284876,1
910,0.50952865,1
911,2.708934505,1
912,3.652018586,0
913,2.137552722,1
914,4.603883814,0
915,3.466222531,1
916,1.269569787,0
917,0.004092608,1
918,4.955321195,1
919,0.073615524,1
920,0.59662658,1
921,2.78755061,1
922,1.946291006,1
923,4.452431441,1
924,2.349336136,1
925,3.64866247,1
926,2.991441451,1
927,0.584414602,1
928,0.036655046,1
929,3.956002503,1
930,3.873797945,1
931,2.208864065,1
932,1.196777182,1
933,5.575913238,1
934,4.283337178,1
935,2.615082941,1
936,5.951244066,1
937,4.931184472,1
938,5.42575226,1
939,0.023913206,1
940,1.804059817,1
941,0.654422548,1
942,0.244118959,1
943,1.624552115,1
944,5.303242468,1
945,4.285967235,0
946,5.328441829,1
947,3.862985815,1
948,4.188454357,0
949,0.977837983,1
950,5.956212356,1
951,4.290449093,0
952,4.252006524,1
953,0.60817149,1
954,1.324462218,1
955,0.286727156,1
956,4.237579043,0
957,4.48186499,0
958,5.961384101,1
959,5.776760563,0
960,3.497338487,1
961,2.884670754,0
962,0.677293816,1
963,0.825237299,1
964,3.726699236,1
965,2.258517494,1
966,4.648644907,1
967,4.04394989,1
968,1.41213793,0
969,0.481047575,1
970,2.618250885,0
971,2.355668081,1
972,0.93075731,1
973,5.462526731,0
974,5.794738094,1
975,4.433646476,0
976,4.136129565,1
977,3.375461521,1
978,1.173285213,1
979,1.970539117,1
980,2.041839701,1
981,3.176258677,1
982,3.413015744,1
983,3.583871893,0
984,1.441062355,0
985,2.095749438,1
986,2.992894731,1
987,1.677053734,1
988,4.987785302,0
989,3.399613036,1
990,1.988766403,1
991,0.608080745,1
992,1.943988198,1
993,5.399812444,1
994,0.900410427,1
995,1.952310697,1
996,4.671360976,1
997,2.587151998,1
998,0.653769351,1
999,4.18011039,1
1000,0.939517537,1
1001,4.560079593,1
1002,1.599967261,1
1003,1.350856809,1
1004,2.595260859,1
1005,5.779781013,1
1006,1.341332563,1
1007,2.338777302,1
1008,3.428818293,1
1009,3.38559426,0
1010,1.561445699,1
1011,1.667652902,0
1012,1.773494667,0
1013,5.217544644,0
1014,0.219855534,1
1015,5.92723248,1
1016,4.557968112,1
1017,1.911894682,1
1018,4.37379639,0
1019,1.08545647,1
1020,0.998802579,1
1021,5.400445745,0
1022,2.87464037,0
1023,2.416979383,0
1024,5.694285687,1
1025,4.341543712,0
1026,3.177701312,0
1027,5.04158926,1
1028,3.018668342,1
1029,1.738877703,1
1030,1.9204896,1
1031,2.730322923,1
1032,2.186065263,1
1033,5.09167178,1
1034,5.928772192,1
1035,5.221078057,1
1036,1.890916632,1
1037,1.559736753,1
1038,2.046089353,1
1039,0.028724662,1
1040,5.065136078,1
1041,3.248482178,1
1042,2.191123651,1
1043,0.66973881,1
1044,5.16940899,0
1045,4.924934551,1
1046,0.133879276,1
1047,5.869391552,1
1048,0.840439103,1
1049,5.975302075,0
1050,2.017318743,1
1051,4.131931189,1
1052,5.479897481,0
1053,1.278338292,1
1054,0.663093636,1
1055,2.600704283,1
1056,4.11107772,1
1057,0.940387338,1
1058,1.645126933,1
1059,3.930115154,0
1060,5.428243047,1
1061,2.595378855,1
1062,0.620122154,1
1063,2.206245258,1
1064,5.114906707,0
1065,5.037008805,1
1066,2.305107142,1
1067,4.848113067,0
1068,4.245706723,1
1069,2.321911552,1
1070,3.944193383,1
1071,3.441783351,1
1072,1.208200414,1
1073,3.913769169,1
1074,5.516436014,1
1075,5.795622293,0
1076,4.563233099,1
1077,1.704206223,1
1078,0.076236631,1
1079,2.859014224,0
1080,5.425733961,0
1081,4.000915479,1
1082,5.92346433,0
1083,4.113428373,1
1084,0.764648481,1
1085,3.375957271,0
1086,1.187056027,1
1087,1.613336038,1
1088,0.102259493,1
1089,3.632531401,1
1090,1.066136262,0
1091,0.07548134,1
1092,4.115040115,1
1093,0.452599213,1
1094,5.019370603,0
1095,3.04418867,0
1096,5.095295907,1
1097,5.226405964,0
1098,2.279598574,1
1099,3.407483131,1
1100,5.954445899,0
1101,1.935573726,1
1102,5.489884642,1
1103,3.00751031,0
1104,5.022461821,0
1105,2.793095267,1
1106,3.779763817,0
1107,5.635212843,0
1108,5.233457068,1
1109,4.069189342,0
1110,2.686666695,1
1111,2.348065642,0
1112,1.650816064,1
1113,3.077934247,1
1114,3.265267573,0
1115,0.697992954,1
1116,3.811859894,1
1117,4.557895816,1
1118,2.648881347,1
1119,5.150972039,1
1120,1.118322051,1
1121,5.899181422,0
1122,3.241545687,1
1123,3.548984155,1
1124,5.976820806,0
1125,0.82929687,1
1126,3.038657804,1
1127,0.200154516,1
1128,3.730008079,1
1129,2.8964602,1
1130,4.696048567,1
1131,5.338670444,1
1132,1.914572743,1
1133,2.241607573,1
1134,3.675132918,1
1135,2.810748673,0
1136,3.284002822,1
1137,2.281874461,1
1138,0.622503121,1
1139,2.255710762,1
1140,3.317953253,0
1141,5.633128223,1
1142,0.092535324,1
1143,3.193500524,0
1144,5.396533239,1
1145,3.107599656,1
1146,2.055183053,1
1147,4.05106622,1
1148,2.82996228,1
1149,4.619327954,0
1150,1.755990715,1
1151,5.456456342,1
1152,1.532536364,0
1153,4.898462454,1
1154,1.690339969,1
1155,1.117977807,1
1156,1.580764998,1
1157,3.501506748,1
1158,0.793687074,1
1159,4.470181831,1
1160,4.011950265,1
1161,1.445673827,1
1162,5.17233242,1
1163,5.877022266,1
1164,5.620788985,0
1165,1.317554265,1
1166,2.762800247,0
1167,0.287900809,1
1168,5.011767919,0
1169,1.196448665,1
1170,5.748957249,0
1171,1.275810812,1
1172,4.253084929,1
1173,2.29635489,1
1174,4.484988179,1
1175,3.684439323,1
1176,0.786912625,1
1177,0.317077772,1
1178,3.99964709,1
1179,5.106346741,0
1180,1.657580259,1
1181,0.775163382,1
1182,2.972960277,1
1183,5.986824391,1
1184,4.458919669,1
1185,4.599455075,1
1186,2.062683048,1
1187,2.586335608,1
1188,2.038555748,1
1189,4.012972875,1
1190,0.182200287,1
1191,1.304102137,0
1192,2.49801793,1
1193,1.837485041,1
1194,3.255925975,0
1195,1.594820249,1
1196,5.463538933,1
1197,3.986225384,1
1198,3.459785997,0
1199,3.352138866,1
1200,4.530214833,1
1201,2.643856572,1
1202,5.554075039,1
1203,2.305713229,1
1204,3.379613201,0
1205,5.347024942,1
1206,2.979421091,1
1207,0.344642436,1
1208,0.394333966,1
1209,5.452140296,1
1210,0.658528693,1
1211,1.656847529,1
1212,3.984100727,1
1213,3.213771959,0
1214,2.486601182,1
1215,5.987480125,1
1216,3.593103149,1
1217,3.265420847,1
1218,5.720651297,0
1219,4.889437153,0
1220,2.975069324,1
1221,1.087993988,1
1222,3.537549627,1
1223,4.95697091,0
1224,1.028204225,1
1225,0.870807945,1
1226,4.794245611,0
1227,3.151052712,0
1228,5.84121945,0
1229,5.064481283,1
1230,3.176766499,0
1231,1.280705593,1
1232,0.201890418,1
1233,4.293463827,0
1234,4.942782814,1
1235,3.278403665,1
1236,4.635776977,0
1237,0.076289882,1
1238,0.008613825,1
1239,3.770384448,1
1240,0.994415689,1
1241,3.818164011,0
1242,3.448697348,0
1243,5.243491901,1
1244,5.749234336,0
1245,4.055748833,1
1246,2.920745033,1
1247,3.574201553,1
1248,5.973972008,1
1249,3.950239784,1
1250,5.717976648,1
1251,1.25761659,1
1252,4.110295184,0
1253,2.899746708,1
1254,0.154986522,1
1255,3.552715863,1
1256,2.232744188,0
1257,3.266526112,1
1258,4.07054343,1
1259,2.734668358,1
1260,5.49004909,0
1261,4.02530424,0
1262,0.260206051,1
1263,2.3557367,1
1264,4.029259015,0
1265,3.368509445,1
1266,4.299027909,1
1267,3.223559173,1
1268,0.075390403,1
1269,3.445288082,1
1270,1.385164194,1
1271,3.803730722,1
1272,0.933494101,1
1273,0.092566445,1
1274,1.045475841,1
1275,4.443963082,0
1276,5.761098282,0
1277,5.923044523,1
1278,1.43115822,1
1279,0.746433888,1
1280,4.713542385,1
1281,3.347531267,1
1282,0.078704601,1
1283,0.280204248,1
1284,1.375104404,1
1285,5.958106866,0
1286,5.519719611,1
1287,0.767533111,1
1288,5.264248538,0
1289,0.466059164,1
1290,2.318776335,1
1291,0.830587914,1
1292,5.723303675,1
1293,0.025601567,1
1294,4.797153711,1
1295,2.603035088,1
1296,4.744873942,1
1297,0.923719012,1
1298,3.127557519,1
1299,5.861228859,0
1300,1.570653687,1
1301,1.332446116,1
1302,3.204620412,1
1303,5.163434425,1
1304,0.005206346,1
1305,0.942711693,1
1306,1.405631762,1
1307,4.841501366,1
1308,0.811891822,1
1309,4.675538285,1
1310,3.656648784,1
1311,0.984303147,1
1312,2.557626383,0
1313,1.643508208,1
1314,1.072211011,1
1315,5.216977636,0
1316,4.788990641,0
1317,1.062542527,1
1318,1.090730803,1
1319,4.633426453,1
1320,5.142517353,1
1321,2.967927284,0
1322,2.224716664,1
1323,3.162113433,0
1324,2.573024905,1
1325,3.177827551,0
1326,1.963245852,0
1327,4.243066021,0
1328,0.532957562,1
1329,2.760683781,0
1330,1.214133176,1
1331,3.585832297,1
1332,5.462293124,1
1333,0.160069532,1
1334,4.035348241,1
1335,2.89073324,1
1336,4.854029037,1
1337,1.355747351,1
1338,2.496093609,0
1339,0.443449139,1
1340,1.623440704,1
1341,0.023618954,1
1342,0.275243513,1
1343,4.540707317,0
1344,2.819086729,1
1345,2.079464367,1
1346,5.533945558,1
1347,3.381015172,1
1348,4.726791362,1
1349,3.951953599,1
1350,0.538421069,1
1351,3.065834479,0
1352,4.783009485,1
1353,2.84023434,0
1354,5.258435046,1
1355,1.604512272,1
1356,0.010007427,1
1357,5.026278442,1
1358,5.117052833,1
1359,0.681600501,1
1360,1.196842405,1
1361,2.016848969,1
1362,1.512598494,1
1363,4.444042337,1
1364,4.651752875,1
1365,2.804006199,1
1366,1.092758238,1
1367,0.586205005,1
1368,3.230676019,1
1369,5.075910681,0
1370,3.815324394,0
1371,3.996790087,0
1372,0.820611117,1
1373,5.288553792,1
1374,2.970703897,0
1375,0.545835422,1
1376,0.750848766,1
1377,0.498571088,1
1378,2.244639948,1
1379,1.569537206,0
1380,5.796524905,1
1381,1.420961564,1
1382,1.260489232,1
1383,2.08373701,0
1384,0.193399185,1
1385,5.359092073,0
1386,1.92319152,1
1387,4.642213007,1
1388,3.731082895,0
1389,1.068548365,1
1390,0.045385108,1
1391,5.570061241,0
1392,5.443069943,1
1393,1.098540071,1
1394,3.84244487,0
1395,3.814522245,1
1396,1.457313337,0
1397,0.310653154,1
1398,1.596541747,1
1399,5.946972995,0
1400,0.055472834,1
1401,0.251317535,1
1402,2.80507541,0
1403,1.276610916,0
1404,3.477270419,1
1405,5.853266901,1
1406,0.484053653,1
1407,4.66536344,0
1408,2.747579033,1
1409,5.300594861,1
1410,5.823187142,0
1411,3.456057101,0
1412,4.551459661,0
1413,4.979105945,0
1414,3.259299561,1
1415,5.336441169,1
1416,3.924075586,1
1417,0.493836498,1
1418,3.676726791,0
1419,3.812930925,1
1420,5.24740427,1
1421,1.493430494,1
1422,1.901568976,0
1423,3.435954086,1
1424,5.647776259,1
1425,1.357277324,0
1426,3.543706573,0
1427,0.348600172,1
1428,3.075666158,0
1429,5.904379536,1
1430,2.025445105,1
1431,0.209884664,1
1432,3.759542198,1
1433,2.859358235,1
1434,5.363487724,1
1435,0.674853685,1
1436,0.818846236,1
1437,0.182211435,1
1438,2.202350895,0
1439,2.482188517,1
1440,1.284655126,1
1441,5.273280022,0
1442,3.771887177,1
1443,5.567746917,1
1444,1.060921771,1
1445,4.443663793,1
1446,2.979852153,1
1447,1.769053538,1
1448,0.083565499,1
1449,2.227979725,0
1450,2.407355464,1
1451,0.782722672,1
1452,5.542570424,1
1453,5.55331527,1
1454,5.003679562,1
1455,0.171897266,1
1456,5.838516349,0
1457,0.4817066,1
1458,3.690669376,1
1459,4.967187023,0
1460,0.084712998,1
1461,1.396274719,0
1462,4.604910645,0
1463,3.568566977,1
1464,1.441884975,1
1465,1.741680911,1
1466,5.542299847,0
1467,5.908263411,1
1468,5.079894922,1
1469,2.274977409,0
1470,2.345191574,1
1471,5.116613044,1
1472,5.841689453,1
1473,3.438088792,0
1474,1.832358063,1
1475,5.70877548,1
1476,5.681289379,0
1477,2.609670231,1
1478,0.432765925,1
1479,4.21773874,1
1480,3.711554854,0
1481,4.252304289,0
1482,1.181494601,1
1483,1.723279557,1
1484,1.603935169,1
1485,4.913621669,0
1486,0.42136015,1
1487,5.84980495,0
1488,1.181475025,1
1489,1.025598694,1
1490,5.917200467,0
1491,5.035600544,0
1492,1.484312028,1
1493,2.216147776,1
1494,0.473243174,1
1495,4.734713937,1
1496,0.877911167,1
1497,3.464330005,1
1498,0.322208597,1
1499,3.928319402,1
1500,0.339721537,1
1501,0.831195343,1
1502,5.364830252,0
1503,2.5426659,1
1504,5.638321824,0
1505,1.758235049,1
1506,2.532351852,1
1507,2.75469463,1
1508,5.970356173,0
1509,2.755642787,1
1510,2.71551961,1
1511,5.134455903,1
1512,4.190775202,1
1513,1.021125273,1
1514,3.854711382,0
1515,2.012679838,1
1516,3.37195485,1
1517,3.23431033,1
1518,5.732919934,1
1519,4.577188693,0
1520,5.182947072,1
1521,3.196842912,1
1522,0.786529027,1
1523,0.356755932,1
1524,5.531155842,0
1525,5.986356618,1
1526,5.740231639,1
1527,4.853154214,0
1528,4.899531797,1
1529,1.481952501,0
1530,2.246544318,1
1531,4.101101617,1
1532,2.708875699,0
1533,5.938408563,1
1534,2.91803961,1
1535,2.867167191,1
1536,3.131200236,0
1537,5.239267134,1
1538,3.123790477,0
1539,1.869354356,1
1540,2.604534155,0
1541,4.319225702,0
1542,1.243909817,1
1543,0.629206618,1
1544,0.509386538,1
1545,0.468045786,1
1546,3.524548452,0
1547,4.161715563,1
1548,4.832519232,1
1549,3.084835408,1
1550,1.801064048,0
1551,1.603751041,1
1552,1.916848373,1
1553,3.801273905,1
1554,3.129247076,0
1555,2.200866127,1
1556,0.907454471,1
1557,1.800110511,1
1558,5.569145612,0
1559,0.706481592,1
1560,4.354599211,1
1561,1.267442484,0
1562,2.186345263,1
1563,3.701523419,1
1564,1.564657612,1
1565,3.534053226,1
1566,2.115835302,1
1567,3.567558009,1
1568,5.074120115,0
1569,4.344253151,1
1570,2.179382167,0
1571,0.331715562,1
1572,3.254370874,1
1573,3.75694397,1
1574,4.125637057,1
1575,4.145286994,1
1576,3.00106879,1
1577,0.379942617,1
1578,0.509213455,1
1579,4.496091889,0
1580,5.87532759,0
1581,3.197114445,1
1582,4.202848259,1
1583,4.832356124,1
1584,4.124305528,1
1585,2.152509771,1
1586,0.940762613,1
1587,2.635162707,1
1588,2.360673112,1
1589,0.392550146,1
1590,5.970753173,1
1591,2.005954366,1
1592,1.064026174,1
1593,5.644958747,1
1594,0.443631802,1
1595,5.189718585,0
1596,3.040290847,1
1597,0.405942855,1
1598,3.066608608,1
1599,3.220924981,1
1600,2.559126136,1
1601,0.667215243,1
1602,2.482378729,1
1603,0.47018481,1
1604,4.464661238,1
1605,2.748384588,1
1606,2.581535704,1
1607,0.49224439,1
1608,4.787802357,0
1609,4.78501596,1
1610,2.402834811,1
1611,0.67574545,1
1612,0.356284452,1
1613,1.282518401,1
1614,2.033795774,1
1615,5.797578445,0
1616,4.816147067,1
1617,4.516370304,1
1618,3.109265313,0
1619,2.52385255,1
1620,4.58529532,0
1621,5.633866148,1
1622,2.125249466,0
1623,1.007477933,1
1624,1.472650506,1
1625,0.722213406,1
1626,0.241944057,1
1627,1.977754333,1
1628,2.702020818,0
1629,5.68960526,0
1630,1.747945376,1
1631,4.587568896,1
1632,4.958177878,1
1633,0.624191789,1
1634,2.582674685,1
1635,0.513960318,1
1636,4.736299842,0
1637,4.28062804,0
1638,5.604586478,1
1639,1.374794874,1
1640,0.796543408,1
1641,5.226120414,0
1642,2.622393356,1
1643,1.169209084,1
1644,1.453999701,1
1645,5.489874969,1
1646,5.692057421,0
1647,5.909749312,1
1648,4.090231252,1
1649,3.984847113,1
1650,3.411612157,1
1651,5.63376587,1
1652,0.484391104,1
1653,0.175443341,1
1654,2.670379026,0
1655,1.43099606,1
1656,1.799732583,1
1657,4.324975996,1
1658,0.314311781,1
1659,0.610140659,1
1660,0.569680695,1
1661,5.585003822,0
1662,0.735372981,1
1663,4.895839483,1
1664,2.900996673,1
1665,3.456551083,1
1666,4.158283747,0
1667,2.729499656,1
1668,4.715167086,1
1669,4.539171545,1
1670,5.660174318,0
1671,2.672941743,1
1672,3.566763744,0
1673,3.571707977,1
1674,1.562358149,0
1675,3.005649276,1
1676,5.886312799,1
1677,5.033710184,1
1678,2.678471638,1
1679,0.920206735,0
1680,1.32240978,1
1681,4.824022321,1
1682,1.928391634,1
1683,0.893734657,1
1684,3.092434987,1
1685,2.980993442,1
1686,3.141769805,0
1687,5.611630655,1
1688,2.744327094,1
1689,4.825295657,1
1690,4.240859684,1
1691,1.181882594,1
1692,4.727819623,0
1693,4.156542445,1
1694,1.071022949,1
1695,0.888217198,1
1696,0.64523869,1
1697,3.569311409,1
1698,4.732483709,0
1699,3.907519478,0
1700,0.384842485,1
1701,0.530721633,1
1702,4.740638268,1
1703,5.411576215,1
1704,0.824186922,1
1705,2.764618067,1
1706,5.185329523,1
1707,5.773543523,1
1708,4.070680885,0
1709,0.552008037,1
1710,2.548688014,1
1711,1.212635929,1
1712,0.166414968,1
1713,4.929978777,0
1714,4.584774658,1
1715,1.428898576,0
1716,2.119895943,0
1717,2.070876719,1
1718,0.437171684,1
1719,1.63633127,1
1720,1.836750032,1
1721,4.934812517,1
1722,4.569076217,1
1723,4.653234597,0
1724,3.558865586,1
1725,5.743798686,1
1726,2.124996484,1
1727,0.66123809,1
1728,1.670352418,0
1729,3.804926102,0
1730,3.887000091,1
1731,3.619912367,1
1732,1.28126227,0
1733,2.063962973,1
1734,2.040351754,1
1735,3.967638625,1
1736,4.69208168,0
1737,2.281559702,1
1738,3.905448767,1
1739,2.527325553,1
1740,1.221945705,1
1741,5.526398766,0
1742,3.143290762,1
1743,4.280764215,0
1744,5.511552201,1
1745,1.312989067,0
1746,3.116993799,1
1747,4.269977539,1
1748,4.749116728,1
1749,4.950025103,1
1750,4.965713946,1
1751,5.979952626,0
1752,1.104441788,1
1753,0.354812503,1
1754,3.902333016,1
1755,5.085886519,1
1756,3.711097534,1
1757,0.608065721,1
1758,3.226171176,1
1759,1.238362209,1
1760,1.389539093,1
1761,4.259206313,1
1762,4.250008959,1
1763,3.843371354,1
1764,0.14602746,1
1765,3.074485332,0
1766,4.838482383,0
1767,4.698685509,1
1768,3.208558726,0
1769,1.845434197,1
1770,2.101558139,0
1771,5.642648541,0
1772,5.507432874,0
1773,2.310379797,0
1774,4.638548085,1
1775,4.430104052,0
1776,0.450127505,1
1777,4.469046559,0
1778,5.051519004,0
1779,3.904747509,1
1780,1.154430775,1
1781,3.405962147,1
1782,0.095250193,1
1783,0.707990707,1
1784,1.12942649,1
1785,0.066800823,1
1786,4.783453772,1
1787,4.956324508,1
1788,3.352747856,1
1789,1.092248639,1
1790,3.778240205,1
1791,5.112064474,0
1792,5.234286798,0
1793,0.217291163,1
1794,1.730292807,1
1795,0.641241828,1
1796,3.072059853,0
1797,1.749944373,1
1798,3.332701966,1
1799,5.588776632,0
1800,1.410666754,1
1801,1.831241921,1
1802,1.352534106,1
1803,2.382979299,1
1804,0.608529643,1
1805,1.555152717,1
1806,1.172469191,1
1807,0.124743185,1
1808,2.729745585,1
1809,3.322941653,1
1810,5.973684616,1
1811,3.330963318,0
1812,4.744879683,1
1813,3.058465208,1
1814,4.112518193,1
1815,3.57245684,0
1816,1.911624535,1
1817,3.672291869,1
1818,5.090932072,1
1819,5.1122427,1
1820,1.788811807,1
1821,2.20218106,1
1822,1.057374672,1
1823,1.743502053,1
1824,3.727219609,0
1825,4.889328454,1
1826,5.820347151,1
1827,4.848930958,0
1828,3.143435179,1
1829,1.156761167,1
1830,0.737850395,1
1831,0.551997116,1
1832,4.883481325,0
1833,2.092497351,1
1834,0.075354009,1
1835,0.132219287,1
1836,0.402992137,1
1837,4.309967506,1
1838,0.747460033,1
1839,3.072563246,1
1840,4.990455472,0
1841,4.808576807,1
1842,5.627887481,0
1843,4.37345519,1
1844,0.80660023,1
1845,4.82225183,0
1846,0.217051824,1
1847,1.227109313,1
1848,0.802942326,1
1849,5.764486031,0
1850,0.312715639,1
1851,0.97563395,1
1852,4.958769649,0
1853,4.302293553,0
1854,1.565304405,0
1855,1.609304231,1
1856,2.416082469,1
1857,3.198911761,1
1858,4.877517094,1
1859,5.983664882,1
1860,5.583039527,0
1861,4.089148214,1
1862,5.92529579,0
1863,3.430773224,0
1864,1.787746383,1
1865,5.119449715,1
1866,2.352029889,0
1867,3.65701288,1
1868,5.062967733,1
1869,3.608681062,1
1870,0.049130589,1
1871,2.769260402,0
1872,0.142935551,1
1873,2.959040105,1
1874,5.560195617,0
1875,4.189210777,0
1876,2.878971933,0
1877,5.695082704,0
1878,3.774064146,1
1879,3.912175855,1
1880,4.862339279,0
1881,2.281617022,1
1882,2.356595293,1
1883,1.768255044,1
1884,5.233195537,1
1885,4.218031987,1
1886,0.001057603,1
1887,4.897025424,0
1888,3.722577451,0
1889,4.758674963,1
1890,3.030417831,1
1891,4.547961871,1
1892,4.128676632,1
1893,4.118701568,0
1894,5.543074623,0
1895,1.591727276,1
1896,0.742086303,1
1897,0.259758542,1
1898,0.176080913,1
1899,5.085347601,0
1900,3.542654096,1
1901,2.209232543,1
1902,3.449214934,1
1903,0.856161966,1
1904,2.781393697,1
1905,5.712216193,1
1906,1.208151275,1
1907,4.495391406,1
1908,0.0602633,1
1909,2.318502813,1
1910,2.533233032,1
1911,3.822823472,1
1912,5.29270612,0
1913,0.409394934,1
1914,3.85049555,1
1915,0.142160191,1
1916,5.890557872,0
1917,2.945657995,1
1918,1.112974592,1
1919,1.739267133,1
1920,3.889967048,0
1921,5.373380213,0
1922,4.241007244,1
1923,4.98679758,1
1924,2.553617687,1
1925,4.18613686,1
1926,4.209613596,1
1927,1.737639973,1
1928,5.798987708,1
1929,0.372468508,1
1930,3.939382148,1
1931,2.778080926,1
1932,0.527707681,1
1933,4.183273528,1
1934,4.046546238,0
1935,4.488809705,1
1936,5.422837537,0
1937,4.400286567,1
1938,2.145575889,0
1939,1.652670384,1
1940,0.16385809,1
1941,0.473930611,1
1942,5.174506885,0
1943,4.06325557,1
1944,4.046052239,1
1945,5.229038604,1
1946,1.585800091,1
1947,1.091742584,1
1948,3.628748351,0
1949,2.729738904,1
1950,0.732295001,1
1951,5.317257784,1
1952,1.015958421,1
1953,5.229635872,0
1954,4.965599678,0
1955,0.835631791,1
1956,3.821483889,0
1957,3.974689182,1
1958,3.315700467,1
1959,2.096744009,1
1960,5.238474165,1
1961,1.55231033,0
1962,0.507358944,1
1963,5.960820137,1
1964,1.568874285,1
1965,5.851242961,0
1966,2.303607265,1
1967,2.371016363,1
1968,0.724322697,1
1969,1.033948471,0
1970,0.132879728,1
1971,5.077089712,0
1972,2.401874886,1
1973,5.014943467,1
1974,0.492324156,1
1975,2.97755668,1
1976,3.685365429,1
1977,5.574849504,0
1978,5.483890573,1
1979,3.028505121,1
1980,2.644397199,1
1981,3.084615026,1
1982,4.574442588,1
1983,4.599621728,1
1984,4.317255576,1
1985,0.392382273,1
1986,4.309923524,1
1987,4.352310082,1
1988,1.054652687,0
1989,2.772738978,1
1990,2.120896548,0
1991,2.615204463,0
1992,1.768167824,1
1993,4.989231196,1
1994,0.903681362,1
1995,3.875324669,1
1996,5.250390418,0
1997,4.105966035,0
1998,2.71282523,1
1999,4.850136484,0
2000,1.863702915,1
2001,5.734772812,0
2002,3.456101809,1
2003,1.216194659,1
2004,2.149860739,1
2005,0.681534955,1
2006,2.632983126,1
2007,4.635009962,0
2008,5.450964907,1
2009,0.173727225,1
2010,0.559698288,1
2011,0.635391216,1
2012,3.622727237,1
2013,2.118775195,1
2014,3.809246838,0
2015,4.195550832,0
2016,4.519730173,0
2017,4.790577404,0
2018,3.247876823,1
2019,2.992352939,1
2020,5.143300458,1
2021,5.7450221,0
2022,2.032494106,0
2023,2.944099539,1
2024,5.538398445,0
2025,2.218627348,0
2026,2.346005309,1
2027,3.694834259,1
2028,5.417981664,0
2029,4.07974678,1
2030,5.313306685,1
2031,2.125247442,1
2032,1.363899456,1
2033,2.503273935,1
2034,2.636494765,1
2035,0.766889949,1
2036,3.223657577,1
2037,3.438854356,0
2038,4.889864127,0
2039,4.538483823,1
2040,2.188973645,1
2041,2.78643731,1
2042,4.53683736,1
2043,5.493702565,0
2044,2.069008186,1
2045,4.118204418,1
2046,5.230767582,0
2047,2.277353296,1
2048,3.788062431,1
2049,1.374533515,1
2050,1.092581993,1
2051,3.448914672,0
2052,3.115153581,0
2053,5.222467364,0
2054,2.293297768,0
2055,4.654738796,1
2056,4.611935649,1
2057,2.890028612,1
2058,0.982135667,1
2059,3.664802069,1
2060,3.630083446,1
2061,4.138770041,1
2062,0.118933941,1
2063,1.526005328,1
2064,1.791283535,1
2065,1.946061076,1
2066,0.324303377,1
2067,1.547930372,1
2068,5.591483287,0
2069,3.779943355,1
2070,0.573948279,1
2071,2.917125054,1
2072,3.425065254,1
2073,1.163276413,1
2074,0.447701418,1
2075,1.931444684,0
2076,5.371473635,1
2077,3.315505529,0
2078,5.523939319,0
2079,1.90650606,1
2080,0.542854889,1
2081,2.204989258,1
2082,1.338015322,1
2083,5.971396838,0
2084,5.545518677,1
2085,3.362521164,1
2086,4.274241266,0
2087,2.938565453,1
2088,2.026749061,1
2089,0.121564232,1
2090,2.509928525,1
2091,4.275409534,1
2092,4.305198974,1
2093,2.023983899,1
2094,0.489873988,1
2095,3.477833985,0
2096,3.121213566,1
2097,1.768979513,1
2098,2.608800161,1
2099,1.604208859,1
2100,4.769901671,1
2101,2.538852355,1
2102,0.763395256,1
2103,5.529258463,1
2104,0.907677901,1
2105,3.714824025,0
2106,0.660187595,1
2107,0.390693502,1
2108,5.57651315,1
2109,0.510959464,1
2110,2.74361665,1
2111,0.763356411,1
2112,5.231916441,1
2113,0.031757028,1
2114,2.797049401,1
2115,2.710864496,1
2116,2.397399574,0
2117,0.795484429,1
2118,1.363011344,1
2119,0.083665633,1
2120,2.00690545,1
2121,4.095245908,0
2122,5.758378206,1
2123,0.150945191,1
2124,3.564921055,1
2125,0.405607534,1
2126,5.079991071,0
2127,4.43674361,1
2128,0.728206603,1
2129,2.726911577,1
2130,2.215607655,1
2131,2.492153077,1
2132,5.659717347,0
2133,5.593297824,1
2134,5.287564517,1
2135,2.778965071,0
2136,3.424284405,1
2137,5.786267376,1
2138,1.208927979,1
2139,3.899294486,1
2140,0.234953873,1
2141,0.478233048,1
2142,0.81764875,1
2143,0.448499021,1
2144,1.028090711,1
2145,4.01433546,1
2146,3.138304443,1
2147,5.525516351,0
2148,2.579654717,1
2149,4.775229262,1
2150,4.440965813,1
2151,2.252345046,1
2152,3.229477825,1
2153,3.923429009,0
2154,3.681916835,0
2155,5.379625487,1
2156,3.735694202,1
2157,0.349166701,1
2158,2.724944216,1
2159,0.031621535,1
2160,1.47688483,0
2161,1.347431494,1
2162,3.008003065,1
2163,2.723471401,1
2164,4.23783641,1
2165,3.044453311,0
2166,3.759849846,1
2167,2.818276633,1
2168,1.880485564,1
2169,0.828893468,1
2170,0.084007319,1
2171,1.227783903,1
2172,2.187337454,1
2173,4.048550546,0
2174,5.711314846,0
2175,3.098703869,1
2176,5.704299291,1
2177,5.49785909,1
2178,1.081364919,1
2179,2.2836667,1
2180,5.340803315,1
2181,5.489055629,1
2182,1.497641849,1
2183,4.923837699,1
2184,0.836320709,1
2185,1.778513321,1
2186,4.690274673,1
2187,1.088668901,1
2188,5.664807402,0
2189,4.214990784,1
2190,2.450089985,1
2191,5.914885801,0
2192,4.539624278,1
2193,3.979807363,0
2194,2.142846595,0
2195,3.511184324,1
2196,3.604165371,0
2197,5.249719371,1
2198,4.05454163,1
2199,4.760030728,1
2200,3.758115903,1
2201,1.544905654,1
2202,4.804423555,1
2203,0.793541507,0
2204,3.545536016,1
2205,4.909816281,0
2206,2.507453695,1
2207,3.191962375,0
2208,5.568198394,0
2209,2.064621874,1
2210,4.930280522,1
2211,2.797372515,1
2212,4.071123391,1
2213,4.010923722,1
2214,0.539286708,1
2215,0.168418263,1
2216,4.739718708,1
2217,5.394385551,0
2218,1.20438615,1
2219,3.703622605,0
2220,3.027959535,1
2221,1.451792853,0
2222,3.28081994,1
2223,3.021946955,1
2224,4.461220974,1
2225,2.500693094,1
2226,5.474171248,1
2227,3.213024356,1
2228,5.974427507,1
2229,2.528072498,1
2230,3.424907643,1
2231,1.305462625,1
2232,4.348298746,1
2233,1.954816537,1
2234,4.436726549,1
2235,1.376024322,1
2236,4.020600245,1
2237,3.257769558,1
2238,5.673428615,1
2239,5.624271754,1
2240,4.886075332,1
2241,0.702632704,1
2242,2.771583065,1
2243,2.538901683,0
2244,3.280657732,1
2245,5.747221952,0
2246,1.483286341,1
2247,1.821831892,1
2248,1.069545642,1
2249,0.671057599,1
2250,2.146368787,0
2251,3.262195029,0
2252,2.871983483,0
2253,3.805835401,0
2254,0.640778686,1
2255,3.880869158,1
2256,5.29359362,1
2257,0.527570497,1
2258,0.282662193,1
2259,1.62716512,0
2260,3.418621376,1
2261,2.810046783,1
2262,3.572356138,1
2263,5.545305557,0
2264,4.972851484,1
2265,5.615055809,1
2266,0.681848215,1
2267,3.336017366,1
2268,4.714711414,1
2269,4.700267584,1
2270,3.166045263,0
2271,4.747164142,0
2272,4.358328237,1
2273,1.229851141,1
2274,1.402533535,1
2275,4.507231768,0
2276,3.375845856,0
2277,3.691253185,1
2278,2.808620189,1
2279,0.426571999,1
2280,1.282251029,1
2281,4.871936485,1
2282,1.035148336,1
2283,4.580379495,1
2284,5.669588054,0
2285,0.821854193,1
2286,4.952369981,1
2287,2.441092547,1
2288,0.735575635,1
2289,3.858383384,0
2290,4.467694925,1
2291,5.21072726,1
2292,1.957748809,1
2293,1.90808552,1
2294,3.6433519,1
2295,5.539285047,0
2296,0.383611824,1
2297,2.750986645,1
2298,0.218756346,1
2299,4.982679044,0
2300,2.221350103,1
2301,2.534008356,0
2302,2.9568523,0
2303,1.377746298,1
2304,4.019047651,1
2305,1.034642442,1
2306,5.665983666,0
2307,2.532709952,1
2308,5.377912317,1
2309,0.908193435,0
2310,1.637318831,1
2311,1.543669035,1
2312,3.032525364,1
2313,1.667370845,1
2314,4.09252485,0
2315,0.659828605,1
2316,0.655192347,1
2317,1.82733633,1
2318,3.680506616,1
2319,1.281615283,1
2320,4.907154179,0
2321,0.007027792,1
2322,5.594158196,0
2323,0.111705495,1
2324,0.310474655,1
2325,1.965007709,1
2326,3.539940107,1
2327,4.759507835,1
2328,0.60922948,1
2329,4.902885047,1
2330,0.869715396,1
2331,5.898103035,0
2332,4.55511491,1
2333,5.262468724,1
2334,2.359335604,1
2335,3.287154591,1
2336,0.218080434,1
2337,5.831680867,1
2338,5.709512084,0
2339,5.789328996,0
2340,2.918637017,1
2341,1.57439939,1
2342,2.561800109,0
2343,4.227052382,1
2344,0.596009143,1
2345,4.312777578,1
2346,2.240294869,1
2347,4.801334519,1
2348,5.704031963,1
2349,1.533683675,1
2350,5.165424926,0
2351,4.528990138,0
2352,5.307837803,1
2353,2.87197848,1
2354,5.220329738,0
2355,1.505667317,1
2356,3.61775417,1
2357,0.189306188,1
2358,1.926470869,1
2359,1.006424037,1
2360,0.802798526,1
2361,5.688032104,1
2362,4.678900256,1
2363,1.519812486,1
2364,0.726221116,1
2365,4.311147177,1
2366,2.733773599,1
2367,2.844890862,1
2368,5.104269626,0
2369,4.853586508,0
2370,2.393895229,0
2371,5.700130044,0
2372,3.997262596,1
2373,1.180550554,1
2374,1.185095067,1
2375,5.407867006,1
2376,5.804912351,0
2377,2.890042771,1
2378,5.862931552,1
2379,1.459868939,1
2380,3.146194722,1
2381,0.775135534,1
2382,5.74969229,1
2383,3.174346515,0
2384,5.91641335,0
2385,2.249477089,1
2386,4.269260414,1
2387,0.173171263,1
2388,1.066032513,1
2389,0.077266741,1
2390,3.650262961,0
2391,1.039725417,1
2392,2.53314391,1
2393,0.675507742,1
2394,2.657391309,1
2395,4.639879432,1
2396,5.733294003,0
2397,5.733659179,1
2398,4.07621042,1
2399,1.347255932,1
2400,2.534580303,1
2401,5.600761025,0
2402,0.979851701,1
2403,2.246829728,1
2404,4.248648081,1
2405,1.176930088,1
2406,1.457032913,0
2407,4.552862083,0
2408,1.825278285,1
2409,1.289979217,1
2410,1.813679406,1
2411,3.20411088,1
2412,5.839454249,1
2413,2.80606468,1
2414,2.080574586,1
2415,4.97485479,1
2416,3.209294526,1
2417,2.183889732,1
2418,0.086252835,1
2419,0.906749624,1
2420,3.928663371,1
2421,0.1746983,1
2422,0.583509756,1
2423,3.444667019,1
2424,3.087768937,1
2425,5.200005053,0
2426,3.665573957,1
2427,2.61694075,1
2428,4.469497227,1
2429,2.117989303,1
2430,5.898736929,0
2431,0.32062844,1
2432,1.939106054,1
2433,2.434589481,1
2434,1.911095058,1
2435,3.549542009,0
2436,2.277982124,1
2437,3.755303804,0
2438,2.872789369,0
2439,1.485061072,1
2440,4.186543709,0
2441,3.322373128,0
2442,3.786321088,1
2443,1.166336933,1
2444,0.16027004,1
2445,4.000386999,1
2446,4.4014248,0
2447,3.066072838,0
2448,4.281571548,1
2449,2.035632623,1
2450,5.561521503,0
2451,3.616284686,0
2452,2.379940339,1
2453,4.936453811,1
2454,1.586552909,1
2455,2.201465142,0
2456,0.36109868,1
2457,2.526208147,1
2458,4.281823989,1
2459,1.772517373,1
2460,2.392227032,1
2461,0.916092329,1
2462,3.420930118,1
2463,2.913292536,1
2464,3.184967494,1
2465,4.716232853,1
2466,2.881119652,1
2467,1.137298157,0
2468,5.648968527,0
2469,2.19211691,1
2470,3.352263304,0
2471,2.223038056,1
2472,4.313761143,0
2473,2.101921992,1
2474,2.493816592,0
2475,2.752128749,1
2476,2.129572219,1
2477,0.058967595,1
2478,2.751594036,1
2479,2.424094336,1
2480,5.34662177,1
2481,0.304318722,1
2482,5.993282342,0
2483,4.277110892,1
2484,2.289675996,1
2485,4.936203778,0
2486,1.534999183,0
2487,5.062709173,1
2488,0.007065387,1
2489,3.885066823,1
2490,5.161099292,1
2491,3.869855162,0
2492,4.932955334,1
2493,0.66044262,1
2494,2.336565987,1
2495,5.947030783,1
2496,1.901822811,1
2497,5.334590571,1
2498,5.008246788,1
2499,4.039988151,0
2500,0.29661536,1
2501,3.526656386,1
2502,1.472520161,1
2503,3.318604222,1
2504,0.287579185,1
2505,3.114667407,1
2506,4.50492874,1
2507,2.340399669,0
2508,0.273832253,1
2509,2.738221554,0
2510,0.810270259,1
2511,5.944313693,1
2512,3.364016303,1
2513,1.423920299,1
2514,4.373293321,1
2515,3.96772618,0
2516,4.454070087,0
2517,3.91137486,1
2518,2.104619615,0
2519,4.504329989,1
2520,2.082868137,0
2521,4.877768651,1
2522,3.697544347,0
2523,5.58247886,0
2524,5.355456219,0
2525,0.821885013,1
2526,5.086098977,0
2527,1.932268338,1
2528,2.459759371,0
2529,1.270315413,1
2530,5.123487926,0
2531,3.112533141,0
2532,5.951404032,1
2533,5.770433369,1
2534,2.043245658,1
2535,1.111176888,1
2536,4.37944605,1
2537,3.894695538,0
2538,2.357040476,1
2539,1.349622035,1
2540,1.27421785,0
2541,4.104357867,1
2542,2.771949861,1
2543,4.491948183,0
2544,0.654618457,1
2545,1.616866506,1
2546,5.871224745,1
2547,3.764451118,0
2548,0.96552826,1
2549,4.831870861,1
2550,0.77163869,1
2551,1.595444298,1
2552,4.474270138,1
2553,3.692913093,1
2554,0.946337429,1
2555,1.264735605,1
2556,5.870254348,1
2557,4.443093494,1
2558,2.974096265,1
2559,5.283603867,1
2560,0.211989861,1
2561,2.100934405,1
2562,1.86117747,0
2563,4.239096036,0
2564,0.970237718,1
2565,4.017475577,1
2566,0.674720798,1
2567,5.270747908,0
2568,5.328422286,0
2569,2.975466018,0
2570,2.079227426,1
2571,2.503253035,1
2572,0.389110978,1
2573,3.835234393,1
2574,2.476853785,1
2575,3.153675575,0
2576,3.42046133,1
2577,1.902467346,1
2578,4.062677343,1
2579,3.189500295,1
2580,3.421672337,1
2581,5.235061778,0
2582,3.765748378,1
2583,2.802706439,1
2584,0.341198264,1
2585,2.658589337,1
2586,4.972267757,0
2587,5.055279278,1
2588,5.750591289,1
2589,4.619535314,0
2590,0.121923395,1
2591,3.246803341,0
2592,2.457899954,1
2593,0.4612637,1
2594,3.371327193,0
2595,3.578205936,0
2596,3.983466977,1
2597,3.508631254,1
2598,3.194306762,1
2599,2.181195714,1
2600,2.992511509,1
2601,1.032018368,0
2602,2.093145141,1
2603,1.188721001,1
2604,2.44671627,1
2605,2.98521601,0
2606,3.55209766,1
2607,2.243410585,1
2608,2.032376339,1
2609,0.512401026,1
2610,1.988597539,1
2611,5.706217719,0
2612,4.307698056,1
2613,3.07532857,0
2614,4.209889944,1
2615,1.161162452,0
2616,2.824836258,1
2617,2.684134554,1
2618,3.405577833,1
2619,0.682622594,1
2620,0.951008413,1
2621,3.809275682,1
2622,2.745241849,1
2623,2.08112551,0
2624,4.249987941,1
2625,4.852340878,0
2626,4.633044863,0
2627,1.626699596,0
2628,5.534999988,0
2629,2.142509706,1
2630,4.804439856,0
2631,3.296469243,1
2632,5.473590028,1
2633,4.066483135,0
2634,2.042810992,0
2635,3.214127924,1
2636,2.174807954,1
2637,1.157010103,1
2638,3.02722608,1
2639,3.473514217,1
2640,4.596559678,0
2641,2.709071835,1
2642,0.337907533,1
2643,2.271421242,0
2644,5.164070821,0
2645,0.535790831,1
2646,2.843348926,0
2647,3.119528577,0
2648,1.465823812,1
2649,5.308456028,0
2650,0.957466121,1
2651,4.699046458,1
2652,4.911295041,0
2653,2.683277612,1
2654,2.795790636,1
2655,5.653139378,1
2656,2.66682568,0
2657,4.584048993,1
2658,1.912239254,1
2659,2.25943747,0
2660,2.28323424,1
2661,2.834432863,1
2662,3.659943683,0
2663,4.619999751,1
2664,1.419295503,1
2665,3.401671532,1
2666,5.977954706,0
2667,2.140385092,0
2668,3.549459991,1
2669,3.586131391,1
2670,3.628163266,1
2671,2.966731032,0
2672,4.469678171,1
2673,3.140705957,0
2674,0.746434031,1
2675,2.841708116,1
2676,4.12279869,0
2677,5.332014549,0
2678,0.721675365,1
2679,0.886196268,1
2680,5.599796159,0
2681,1.199524876,0
2682,3.382210426,1
2683,5.147976907,1
2684,1.787279331,1
2685,3.916963526,1
2686,4.255306376,0
2687,0.89856967,1
2688,4.502580699,1
2689,1.0566855,1
2690,5.694470399,1
2691,2.759557803,1
2692,5.141185034,0
2693,2.210582623,1
2694,4.608757152,0
2695,4.164416237,1
2696,0.713870118,1
2697,1.594980636,1
2698,5.998857385,0
2699,2.9181398,0
2700,3.375054946,0
2701,1.59682456,1
2702,0.563119039,1
2703,5.50276672,1
2704,4.891677127,1
2705,0.969681247,1
2706,5.271019002,1
2707,0.686000007,1
2708,2.849101578,1
2709,2.401795438,1
2710,2.463081063,1
2711,1.60798679,0
2712,2.172543109,0
2713,4.444858811,0
2714,2.38359339,1
2715,3.798443438,1
2716,4.28789503,1
2717,3.003612839,1
2718,2.662085145,1
2719,0.800887824,1
2720,4.740110279,1
2721,5.11582937,0
2722,4.130838976,1
2723,5.561527972,0
2724,4.456965331,1
2725,5.449509569,1
2726,2.505921719,0
2727,4.508482679,0
2728,3.582934854,1
2729,1.379954065,1
2730,4.1627616,0
2731,0.537441558,1
2732,5.435231497,1
2733,0.133354589,1
2734,3.656615316,1
2735,0.273173952,1
2736,5.813511151,0
2737,1.678425061,0
2738,3.050549789,1
2739,0.595087018,1
2740,2.218195008,0
2741,5.690901816,1
2742,1.093267324,1
2743,1.388116063,1
2744,0.899998179,1
2745,2.152236754,1
2746,3.29037025,1
2747,0.577021599,1
2748,0.526580204,1
2749,3.369617301,0
2750,0.600391234,1
2751,2.826062863,1
2752,3.291737951,1
2753,4.670738389,1
2754,2.829303991,0
2755,3.447725373,1
2756,1.067824688,1
2757,1.899303425,1
2758,0.582958245,1
2759,3.062125993,0
2760,0.46658032,1
2761,0.870457332,1
2762,5.367571529,0
2763,4.006741563,1
2764,2.424724782,0
2765,3.939644719,0
2766,4.898352183,0
2767,4.854021659,0
2768,4.699762385,1
2769,5.147264701,0
2770,4.331490105,1
2771,5.785588619,0
2772,0.423075088,1
2773,3.00639263,1
2774,3.414035403,1
2775,2.029250078,1
2776,0.920972813,1
2777,0.436816758,1
2778,3.814276587,0
2779,5.077547806,1
2780,1.219092907,1
2781,0.370192082,1
2782,3.092905327,1
2783,0.013487744,1
2784,0.389854406,1
2785,2.96072589,0
2786,1.246300029,1
2787,5.404679448,1
2788,2.462403728,1
2789,4.108197464,0
2790,2.130232777,1
2791,0.709473757,1
2792,3.01273839,1
2793,5.049404552,1
2794,3.059322795,1
2795,0.4663056,1
2796,5.144733442,1
2797,5.74436085,0
2798,0.120591144,1
2799,3.318469582,0
2800,5.632515634,1
2801,2.989734044,1
2802,2.699687221,0
2803,4.617792713,1
2804,2.827496789,0
2805,1.035026913,1
2806,1.421031841,1
2807,3.425029623,1
2808,3.531681143,1
2809,5.814395126,0
2810,5.802584844,0
2811,0.315142022,1
2812,3.830289903,0
2813,5.113694698,1
2814,3.424431486,1
2815,3.323359058,1
2816,0.193217352,1
2817,4.875477972,0
2818,3.702736008,1
2819,4.102395736,1
2820,3.139559658,0
2821,1.529754167,0
2822,1.169766801,0
2823,1.416827693,1
2824,4.457603691,0
2825,5.102171286,1
2826,2.247369884,1
2827,2.748785612,1
2828,3.138456267,0
2829,5.334261067,1
2830,5.077086543,0
2831,0.87577893,1
2832,3.335117943,1
2833,2.43059691,0
2834,3.657389454,0
2835,3.250952294,0
2836,4.093604792,1
2837,0.550156886,1
2838,3.128868854,1
2839,2.948107379,0
2840,3.404762135,1
2841,5.434608502,0
2842,5.552684819,0
2843,3.315496234,0
2844,4.452374085,0
2845,0.351683533,1
2846,3.991345019,1
2847,3.121173983,1
2848,4.465885129,0
2849,5.963005967,1
2850,4.180161645,0
2851,4.06776744,1
2852,0.105735134,1
2853,4.557237798,1
2854,1.324009671,1
2855,4.930205451,0
2856,0.391650837,1
2857,4.576606972,0
2858,4.901582765,0
2859,0.149073005,1
2860,0.793898293,1
2861,0.472254375,1
2862,5.511588801,1
2863,0.200247818,1
2864,2.005001223,0
2865,1.901440982,0
2866,0.660458235,1
2867,0.214583352,1
2868,2.677096202,1
2869,5.051150116,0
2870,4.049453724,0
2871,4.691947992,0
2872,5.158465212,1
2873,2.660141366,1
2874,4.031204907,1
2875,4.049376573,1
2876,0.221319306,1
2877,4.988558893,0
2878,1.052353995,1
2879,2.643150202,1
2880,2.124002662,1
2881,5.904418016,1
2882,0.984838553,1
2883,1.801724509,1
2884,1.285886109,1
2885,5.011069812,0
2886,5.981879691,0
2887,5.835969952,1
2888,1.245820552,0
2889,4.980363419,1
2890,4.254616762,1
2891,2.677625088,1
2892,2.755934942,1
2893,3.106570596,1
2894,2.137364106,0
2895,2.022197252,0
2896,3.765055971,0
2897,3.379076776,1
2898,1.720553911,1
2899,1.099322675,1
2900,5.838701158,0
2901,4.356084387,1
2902,5.618266307,1
2903,0.678882269,1
2904,5.974830756,0
2905,0.602228805,1
2906,4.162777082,0
2907,0.933502514,1
2908,0.636267945,1
2909,2.963578104,1
2910,3.245373924,0
2911,0.857598588,1
2912,1.808727712,1
2913,4.677839245,1
2914,0.97222161,1
2915,1.64887519,1
2916,2.539561165,0
2917,1.818827304,0
2918,3.950921033,1
2919,0.16170528,1
2920,2.005163952,0
2921,3.729751444,1
2922,3.720931731,1
2923,2.537607717,1
2924,1.671000216,1
2925,4.997323723,1
2926,5.835549011,1
2927,1.275667505,1
2928,1.02118921,1
2929,2.493986391,1
2930,3.872898776,1
2931,5.185907376,0
2932,5.489201747,0
2933,4.135671721,1
2934,0.215730469,1
2935,1.076748851,1
2936,1.299374406,1
2937,2.555697731,0
2938,2.002100635,1
2939,0.487803812,1
2940,4.033399711,1
2941,5.753755458,0
2942,3.480618446,0
2943,5.495797457,0
2944,5.860773942,0
2945,5.553283423,1
2946,0.572595167,1
2947,5.129545027,0
2948,2.317765089,0
2949,4.225811007,0
2950,1.678430641,1
2951,5.087507238,0
2952,5.540616989,0
2953,4.12378555,0
2954,0.134344655,1
2955,2.735618673,1
2956,0.331990903,1
2957,5.625026833,1
2958,1.908526089,1
2959,3.157209776,1
2960,0.191068084,1
2961,4.897191373,1
2962,4.193459264,1
2963,5.590087512,0
2964,1.81125645,0
2965,1.854760242,0
2966,1.563265305,1
2967,2.830977028,1
2968,4.340058182,1
2969,0.403252857,1
2970,1.781728905,1
2971,1.407466935,1
2972,3.350859975,0
2973,5.791562561,0
2974,3.866583957,0
2975,0.984285195,1
2976,5.863794996,1
2977,3.042713292,1
2978,4.662098446,0
2979,4.946610438,0
2980,5.625332316,0
2981,3.370036852,1
2982,2.269737159,1
2983,2.552562963,0
2984,3.308399947,1
2985,5.345652827,1
2986,3.325698245,1
2987,2.644375961,1
2988,5.43791941,0
2989,4.27564173,1
2990,5.775719063,1
2991,0.590869208,1
2992,1.226770714,1
2993,5.497235917,1
2994,3.802745344,1
2995,3.642884389,1
2996,5.836592452,0
2997,3.824712817,1
2998,5.428933286,0
2999,5.302531563,1
3000,1.208723736,1
3001,0.252134695,1
3002,3.185159101,0
3003,2.215542685,1
3004,5.24326722,1
3005,1.407101361,1
3006,2.628810729,1
3007,2.709629586,0
3008,5.262742662,1
3009,1.673799315,1
3010,3.009342101,1
3011,3.112772873,0
3012,5.914649993,0
3013,1.045205894,1
3014,3.088063501,1
3015,2.762835774,1
3016,3.061319262,1
3017,3.241115465,1
3018,3.664354369,1
3019,2.463194468,1
3020,4.916387467,1
3021,1.669415676,1
3022,2.836635147,0
3023,3.206569296,1
3024,3.003673867,1
3025,0.620125934,1
3026,2.849691803,1
3027,3.819800225,1
3028,1.165092265,1
3029,2.603951229,1
3030,5.686743114,1
3031,4.438614819,1
3032,2.0182661,1
3033,2.220851104,1
3034,3.939230493,1
3035,3.170741456,1
3036,4.334066208,0
3037,3.797383514,0
3038,1.761935784,1
3039,5.513415247,1
3040,1.230884038,0
3041,5.331333522,0
3042,0.186860064,1
3043,1.678753958,1
3044,2.330315929,1
3045,3.735503404,0
3046,5.052081059,0
3047,5.502748876,1
3048,4.212031917,0
3049,2.594534264,1
3050,2.985037361,1
3051,4.363860122,0
3052,1.23954445,1
3053,0.583491034,1
3054,3.772172888,1
3055,2.58672501,0
3056,1.660862217,1
3057,0.13125661,1
3058,1.777751288,1
3059,1.298619874,1
3060,1.51222658,0
3061,3.426992052,1
3062,3.323188869,1
3063,1.291087861,1
3064,0.645342994,1
3065,0.386437842,1
3066,5.540772791,1
3067,2.168921297,1
3068,1.940153095,1
3069,2.825360386,0
3070,4.20263392,1
3071,5.19903968,1
3072,5.898917774,1
3073,2.797787786,0
3074,4.562694495,0
3075,4.963943748,1
3076,4.874927101,1
3077,2.316885822,1
3078,2.34810843,1
3079,1.951411751,1
3080,2.511511116,1
3081,5.151574973,1
3082,4.786313968,1
3083,1.010739377,1
3084,4.880939459,1
3085,1.308118307,1
3086,0.556695318,1
3087,2.150056268,1
3088,5.636458658,1
3089,2.791484946,0
3090,5.010047178,1
3091,1.569640176,1
3092,1.717780722,1
3093,0.005720486,1
3094,1.158378825,1
3095,2.551687301,1
3096,4.198902654,1
3097,3.011354174,0
3098,2.919415354,1
3099,4.648337274,1
3100,1.100819406,1
3101,1.092268622,1
3102,5.0761594,0
3103,1.789678233,0
3104,4.867309493,1
3105,0.552285858,1
3106,2.850330215,1
3107,2.784570284,0
3108,4.203241706,0
3109,4.928185684,1
3110,1.542064668,0
3111,1.351928419,1
3112,5.832976807,1
3113,4.410570447,1
3114,1.192500332,1
3115,0.413348263,1
3116,3.013794619,0
3117,4.782636458,0
3118,3.641602925,1
3119,0.801439091,1
3120,4.217123034,1
3121,0.619903413,1
3122,4.599356356,1
3123,4.620902698,1
3124,4.478524604,0
3125,1.091115055,1
3126,1.17874332,1
3127,3.030686307,0
3128,0.71943699,1
3129,4.924211569,0
3130,3.626838256,0
3131,5.660884051,1
3132,1.565784019,1
3133,5.975820106,0
3134,0.004556219,1
3135,5.371915109,1
3136,2.330765017,0
3137,5.364634384,0
3138,4.390793894,0
3139,4.917395744,1
3140,5.304733192,1
3141,2.373525136,1
3142,3.763855177,1
3143,4.801834363,1
3144,3.763393945,0
3145,4.962629777,1
3146,5.852209481,0
3147,2.394361744,1
3148,4.825401787,1
3149,4.347955258,1
3150,1.694931803,1
3151,0.352651348,1
3152,1.193720302,1
3153,1.384679231,1
3154,3.847395605,1
3155,1.2583619,1
3156,4.566953521,1
3157,4.241535407,1
3158,2.226048383,1
3159,5.993147595,1
3160,2.176292608,1
3161,2.693372864,1
3162,0.454799496,1
3163,4.241765606,1
3164,0.381578273,1
3165,1.635174288,1
3166,5.884239286,1
3167,2.621024809,1
3168,3.596822163,1
3169,4.777488567,0
3170,5.04813,1
3171,0.640695873,1
3172,5.682628451,1
3173,2.12089635,1
3174,2.839894736,0
3175,3.224552532,1
3176,5.316395704,0
3177,5.880365098,1
3178,1.800907301,1
3179,0.588562292,1
3180,4.448029149,1
3181,3.591497864,1
3182,2.008050502,1
3183,2.609619804,1
3184,1.442319118,0
3185,3.872542009,1
3186,1.015167164,1
3187,3.811415176,0
3188,2.036050069,1
3189,4.541194446,1
3190,5.258764781,1
3191,2.361799495,1
3192,0.915572147,1
3193,2.969220972,1
3194,2.030151135,0
3195,3.748474683,1
3196,5.831102444,1
3197,0.618442946,1
3198,3.527355613,0
3199,2.230989081,1
3200,5.906601299,0
3201,1.463308334,1
3202,5.241278755,1
3203,3.064891906,1
3204,1.745430725,1
3205,4.462934271,1
3206,5.474871358,1
3207,0.970733191,1
3208,1.633448537,1
3209,1.299234334,1
3210,4.679570207,1
3211,3.970481039,1
3212,5.186952796,0
3213,2.699347377,1
3214,2.56286182,1
3215,4.386780238,1
3216,0.185650648,1
3217,4.859150422,0
3218,3.836658652,0
3219,4.524103627,1
3220,0.958729166,1
3221,2.248515902,1
3222,0.875040409,1
3223,5.627741647,0
3224,0.547290503,1
3225,0.80960553,1
3226,4.525921501,1
3227,4.504808573,1
3228,0.324168974,1
3229,4.396197634,0
3230,4.650962697,1
3231,2.315172809,0
3232,5.869494082,0
3233,4.195796629,1
3234,1.578829381,1
3235,4.538236323,0
3236,4.867250293,1
3237,0.8747525,1
3238,3.001792129,1
3239,2.754438121,1
3240,5.314643744,1
3241,1.185382581,1
3242,3.07363507,1
3243,2.716594839,1
3244,2.601786759,1
3245,1.295645877,1
3246,2.929437963,0
3247,4.992714259,1
3248,3.985954745,0
3249,5.836697587,1
3250,3.797121007,1
3251,0.435216828,1
3252,1.986473404,0
3253,4.829742889,0
3254,0.280175503,1
3255,2.43574311,1
3256,0.095935206,1
3257,4.68826466,0
3258,3.141498232,0
3259,0.287089956,1
3260,0.347842344,1
3261,0.41565169,1
3262,3.771306951,0
3263,2.482891868,1
3264,4.591450585,0
3265,4.454511181,1
3266,5.459163821,0
3267,0.385778132,1
3268,2.775210803,1
3269,3.188809893,1
3270,2.207263695,1
3271,4.187177496,1
3272,1.677988702,1
3273,3.652192201,1
3274,4.237352588,1
3275,1.143115389,0
3276,0.827370172,1
3277,1.414275606,1
3278,2.438501771,1
3279,3.582611757,1
3280,3.107646646,0
3281,0.774570692,1
3282,5.086972535,1
3283,0.518966322,1
3284,4.43285715,0
3285,0.201559807,1
3286,4.551102488,0
3287,0.470892624,1
3288,3.682998814,0
3289,0.596502602,1
3290,4.569628836,1
3291,1.318801579,0
3292,1.323850353,1
3293,5.832576306,1
3294,1.459785149,1
3295,2.588359467,0
3296,4.709866983,0
3297,2.29918129,0
3298,2.86772259,1
3299,1.037637582,0
3300,3.710144926,0
3301,4.873902542,0
3302,3.900964403,1
3303,5.130453057,1
3304,4.331521906,1
3305,3.438472538,1
3306,1.563703051,1
3307,1.424761938,1
3308,3.664305011,1
3309,4.039232748,0
3310,2.288790575,1
3311,1.97687068,1
3312,2.099672567,1
3313,1.311964861,1
3314,2.35560436,1
3315,0.578694941,1
3316,1.440257567,1
3317,4.333745726,1
3318,3.192983978,1
3319,1.978345137,1
3320,4.954578014,0
3321,1.078273401,0
3322,1.648567236,1
3323,1.729041296,1
3324,4.214969304,0
3325,3.407226924,0
3326,2.891683033,1
3327,3.550850936,1
3328,1.946174385,1
3329,3.789685491,1
3330,2.047090841,1
3331,3.675227787,1
3332,2.174883334,1
3333,0.707334355,1
3334,2.598956598,1
3335,2.520731802,1
3336,0.1525538,1
3337,3.295553608,0
3338,0.06074479,1
3339,3.31677757,1
3340,5.840234996,0
3341,5.560237072,1
3342,2.17011201,0
3343,0.932264427,1
3344,2.193501407,0
3345,5.806060734,1
3346,3.922069928,1
3347,5.732283405,1
3348,1.131983569,1
3349,1.308560507,1
3350,4.009814278,0
3351,5.122924409,0
3352,3.108902096,1
3353,5.925129659,0
3354,3.191182536,1
3355,1.889833721,1
3356,2.914116616,0
3357,2.581293774,1
3358,4.276899852,0
3359,0.652924185,1
3360,3.261345532,1
3361,4.691499411,1
3362,4.408190915,1
3363,1.150046081,1
3364,0.714235017,1
3365,4.063972214,0
3366,5.086545444,0
3367,4.092599115,0
3368,4.164943438,1
3369,5.696231555,0
3370,1.400548444,1
3371,0.77744098,1
3372,4.767661246,1
3373,3.817490336,1
3374,3.928352663,0
3375,2.305625784,1
3376,1.904282761,1
3377,2.043718882,1
3378,2.179871285,0
3379,0.405107581,1
3380,4.671287861,0
3381,1.95979198,1
3382,2.198812423,1
3383,1.517570706,1
3384,3.195631019,1
3385,4.805230951,1
3386,4.990585704,1
3387,5.374122669,0
3388,5.154809837,1
3389,0.503413659,1
3390,4.631052924,1
3391,4.986059866,1
3392,0.004845431,1
3393,1.390827687,0
3394,5.016824108,1
3395,0.72266953,1
3396,0.855595474,1
3397,4.398261208,1
3398,3.979445038,1
3399,0.673268242,1
3400,4.512135842,1
3401,2.421150076,1
3402,0.513182092,1
3403,2.602588001,0
3404,0.412799528,1
3405,4.835841652,0
3406,5.717028476,1
3407,4.162589445,1
3408,2.208390751,1
3409,1.872010161,1
3410,5.571667572,0
3411,3.898149138,1
3412,0.726040971,1
3413,1.640420201,1
3414,1.764491613,1
3415,5.141837593,1
3416,2.613689103,0
3417,3.7288989,1
3418,1.693593812,1
3419,1.830157066,1
3420,5.550936978,0
3421,0.502655837,1
3422,3.126401799,1
3423,3.077135665,1
3424,2.069448449,1
3425,4.061040204,1
3426,3.281213222,0
3427,1.101451604,1
3428,0.026397038,1
3429,1.650447414,1
3430,1.476054548,1
3431,2.907641751,1
3432,4.36725843,1
3433,5.395185,1
3434,3.84608902,1
3435,5.675414403,1
3436,5.371197767,0
3437,1.666264296,1
3438,0.015614784,1
3439,3.066609391,0
3440,1.591793992,1
3441,5.13736463,0
3442,5.511334169,0
3443,1.110612316,1
3444,4.144807635,1
3445,4.113565281,1
3446,4.725045086,1
3447,4.968009902,1
3448,2.790156011,1
3449,0.255148983,1
3450,1.832669546,1
3451,1.559612641,1
3452,5.543784214,0
3453,3.636175217,1
3454,0.198893168,1
3455,5.418681603,1
3456,4.124498137,0
3457,5.809815805,0
3458,5.017220626,1
3459,1.772481448,0
3460,1.944577567,1
3461,2.469812256,0
3462,2.482760591,1
3463,4.316672145,0
3464,0.601258879,1
3465,1.598654944,1
3466,4.061320203,1
3467,3.027292142,1
3468,2.677182769,0
3469,1.405897852,1
3470,4.906475693,0
3471,4.464517478,1
3472,2.157598823,1
3473,4.439830778,0
3474,3.285803406,1
3475,5.208921845,1
3476,5.322271554,1
3477,1.644788448,1
3478,2.365320075,1
3479,0.53566667,1
3480,2.386176679,0
3481,1.214230325,1
3482,1.903641674,0
3483,1.459047432,1
3484,2.273597597,0
3485,0.689831612,1
3486,2.640726905,0
3487,3.474076543,1
3488,5.527265901,0
3489,3.520790489,1
3490,0.377842027,1
3491,1.613621968,0
3492,3.799240171,0
3493,3.88578568,1
3494,1.041123948,1
3495,4.237928067,1
3496,5.395162326,1
3497,0.392861642,1
3498,3.618995291,0
3499,4.102817791,0
3500,5.69561445,0
3501,3.808313087,1
3502,3.835474032,1
3503,0.701516712,1
3504,0.056054937,1
3505,5.396935878,1
3506,3.592324414,1
3507,3.105145934,0
3508,1.140743674,1
3509,0.231969001,1
3510,2.242019823,1
3511,0.408845607,1
3512,0.58551448,1
3513,3.656557577,1
3514,1.127696726,1
3515,5.281325167,0
3516,0.141263572,1
3517,1.657787552,1
3518,2.170225006,1
3519,5.531752345,0
3520,5.352725749,0
3521,2.23249871,1
3522,1.785292412,1
3523,0.37937462,1
3524,4.736656024,0
3525,5.539798137,1
3526,4.824960945,0
3527,4.71689873,1
3528,5.92945744,1
3529,5.317913566,0
3530,2.151511285,1
3531,1.73255016,1
3532,2.569420979,1
3533,5.626489593,0
3534,5.600098731,1
3535,3.976414423,0
3536,0.426288359,1
3537,2.805654437,1
3538,4.027821145,0
3539,5.329463665,0
3540,2.683692189,1
3541,2.518695677,1
3542,4.858555146,1
3543,5.231720022,0
3544,5.93728545,1
3545,4.441286915,0
3546,5.078576848,1
3547,2.309425594,1
3548,3.563349325,1
3549,2.189870684,1
3550,5.7020345,1
3551,0.088152516,1
3552,1.380202072,1
3553,0.302675844,1
3554,5.663786502,0
3555,2.43429807,1
3556,4.932914512,1
3557,2.724895339,0
3558,3.684969869,1
3559,0.615308565,1
3560,1.861535274,0
3561,3.767835017,0
3562,3.305905635,1
3563,1.762361047,1
3564,5.401007577,0
3565,1.927784622,1
3566,1.531131931,1
3567,5.323070407,0
3568,1.334232355,1
3569,1.176904736,1
3570,5.188695654,0
3571,3.969796905,1
3572,0.039709153,1
3573,2.015205514,1
3574,5.778963384,0
3575,5.849325567,0
3576,1.119476015,1
3577,1.819905719,1
3578,4.100281469,1
3579,1.324596734,1
3580,4.174367227,1
3581,4.302646637,1
3582,1.294357355,1
3583,0.764682783,1
3584,3.326542732,1
3585,4.112649264,1
3586,5.587913705,1
3587,0.528448544,1
3588,3.223191651,1
3589,4.38419429,1
3590,3.0802283,0
3591,4.999131659,0
3592,5.309094725,0
3593,0.320716498,1
3594,2.036992538,1
3595,4.628349362,0
3596,4.420841143,0
3597,3.673979738,0
3598,4.3421424,1
3599,4.876168022,1
3600,4.468965753,0
3601,4.210504977,1
3602,1.29957399,1
3603,4.748185036,0
3604,3.31876646,0
3605,0.23022143,1
3606,4.061984524,0
3607,5.923234784,0
3608,1.118754292,1
3609,1.302723639,1
3610,2.838864428,1
3611,4.587355772,1
3612,3.497148711,1
3613,1.574722597,1
3614,2.385551936,1
3615,4.892568382,1
3616,0.92410842,1
3617,3.502884325,0
3618,2.145392271,0
3619,1.334711059,1
3620,3.616811733,1
3621,3.628538656,0
3622,2.290416464,0
3623,4.91171509,0
3624,2.52140846,1
3625,4.252548147,1
3626,4.46465405,1
3627,5.867350201,1
3628,3.354870887,0
3629,5.529343762,1
3630,1.912304507,1
3631,2.040527653,1
3632,3.517335286,1
3633,1.638005515,1
3634,0.215849595,1
3635,5.286586051,0
3636,0.911763343,1
3637,2.444616781,0
3638,0.929912701,1
3639,5.734455629,0
3640,0.628294171,1
3641,3.993936134,1
3642,0.817522751,1
3643,3.995632101,1
3644,5.647849461,1
3645,2.556430673,0
3646,3.990230021,1
3647,5.20874935,1
3648,4.587232157,1
3649,2.221963733,1
3650,4.433282283,1
3651,3.787792405,1
3652,3.58546139,0
3653,1.988121927,1
3654,4.839436803,0
3655,0.323083164,1
3656,2.717490739,1
3657,0.207404201,1
3658,2.193050897,1
3659,1.598243303,1
3660,3.60343985,1
3661,5.474566532,1
3662,1.921562467,1
3663,0.132347624,1
3664,5.960582049,0
3665,3.351392994,1
3666,5.581111933,0
3667,1.601734474,1
3668,0.670137032,1
3669,2.674417971,1
3670,5.392476592,0
3671,2.56000259,1
3672,4.183979726,1
3673,1.733548898,1
3674,2.415582354,0
3675,0.896607032,1
3676,1.981940361,1
3677,0.784267798,1
3678,1.473984194,1
3679,1.412020074,1
3680,0.378806165,1
3681,5.671525828,0
3682,2.192636117,1
3683,3.587954608,1
3684,2.284138521,1
3685,3.032872976,1
3686,4.616706773,1
3687,5.689278509,1
3688,2.622934462,0
3689,4.657460386,1
3690,1.802729336,1
3691,2.016517699,1
3692,5.360850525,1
3693,3.451039956,0
3694,0.997725592,1
3695,2.718150023,0
3696,2.019432845,1
3697,1.267894398,1
3698,1.208763712,1
3699,3.250905055,1
3700,2.374488567,1
3701,5.287924187,1
3702,4.232431052,0
3703,0.416816099,1
3704,2.319437484,1
3705,0.579889583,1
3706,4.61463473,1
3707,2.437337524,1
3708,4.310566378,0
3709,2.782937974,1
3710,5.587916216,1
3711,4.5725964,1
3712,2.96106017,1
3713,2.366487486,1
3714,4.389305697,0
3715,2.733087791,0
3716,1.592141044,0
3717,2.194176488,0
3718,4.087621727,0
3719,3.402047674,1
3720,0.187731051,1
3721,2.125680621,1
3722,0.798077778,1
3723,4.188286605,0
3724,3.216127402,1
3725,1.274906277,1
3726,2.233272954,1
3727,1.226284825,1
3728,0.299535429,1
3729,5.716080035,1
3730,3.673387552,1
3731,0.158446331,1
3732,3.023138146,0
3733,4.909402407,1
3734,0.16669206,1
3735,3.00426819,0
3736,5.275839951,1
3737,2.389986638,1
3738,0.465187572,1
3739,5.705826759,1
3740,0.233412976,1
3741,5.002544955,0
3742,5.453730731,0
3743,4.413698407,1
3744,0.442488757,1
3745,0.3770756,1
3746,2.130699054,1
3747,5.543977634,0
3748,2.998205798,0
3749,3.296289119,1
3750,0.762798765,1
3751,3.681243132,0
3752,3.800967048,1
3753,5.682015561,0
3754,0.003050564,1
3755,0.449044025,1
3756,0.050275592,1
3757,5.658662962,0
3758,0.796135793,1
3759,5.749248641,0
3760,4.278075239,1
3761,1.14436706,1
3762,3.020646684,1
3763,5.846486107,1
3764,1.210807313,1
3765,1.279405953,1
3766,1.718560755,1
3767,3.43197043,1
3768,3.103775159,1
3769,3.847738015,0
3770,0.383162896,1
3771,3.03789447,1
3772,4.599585405,0
3773,3.299185126,0
3774,2.05603056,1
3775,3.32584576,1
3776,0.492164158,1
3777,3.429735494,0
3778,1.704186803,1
3779,5.951568625,1
3780,4.453373796,1
3781,2.126255017,0
3782,0.421832401,1
3783,5.552886509,1
3784,1.615608847,1
3785,5.797603453,0
3786,0.387151281,1
3787,3.452983596,1
3788,5.923161509,1
3789,5.14951509,1
3790,3.129356911,0
3791,4.712084747,1
3792,5.159945636,0
3793,0.510473374,1
3794,1.082072976,1
3795,5.086282727,0
3796,0.82371978,1
3797,5.285851726,0
3798,3.84681611,1
3799,2.61641127,0
3800,1.156412301,1
3801,4.844824518,1
3802,3.82864682,1
3803,1.937376164,1
3804,1.845089063,1
3805,3.695289995,1
3806,4.258333482,1
3807,1.549267763,1
3808,0.285775694,1
3809,4.623431072,1
3810,2.802958658,0
3811,3.578178079,1
3812,2.211024742,1
3813,1.793116191,1
3814,4.303473589,1
3815,0.041421438,1
3816,0.81416476,1
3817,3.508599143,0
3818,3.528197369,1
3819,3.704180967,1
3820,4.297394984,0
3821,2.174857625,1
3822,5.814848789,1
3823,0.863729465,1
3824,3.008563928,0
3825,3.972785824,0
3826,1.618291456,1
3827,4.843474906,0
3828,5.466035013,0
3829,0.35796267,1
3830,4.419641845,0
3831,2.414957191,1
3832,2.391184656,1
3833,0.686076214,1
3834,4.293774695,1
3835,1.933263306,1
3836,0.493051815,1
3837,0.524624034,1
3838,3.187917514,0
3839,4.23175027,0
3840,2.813142037,1
3841,5.928521108,0
3842,2.761908059,1
3843,2.448960485,1
3844,4.882994999,1
3845,5.422895511,1
3846,3.836252521,1
3847,2.715434472,1
3848,2.807869449,1
3849,1.68969584,1
3850,5.108208663,0
3851,5.3049102,0
3852,5.549520903,0
3853,5.613966601,1
3854,0.172203546,1
3855,5.366706484,0
3856,3.998374431,1
3857,5.116467033,0
3858,5.150414524,1
3859,5.338589445,1
3860,4.348130732,0
3861,5.102674694,0
3862,3.729891439,1
3863,3.947355495,0
3864,0.67952175,1
3865,0.947755603,1
3866,4.896079906,0
3867,3.856876265,1
3868,5.578305949,0
3869,2.620796616,1
3870,3.970741067,1
3871,3.999671628,0
3872,2.633164697,1
3873,4.243291139,0
3874,5.198371953,1
3875,4.582719915,1
3876,3.930278681,1
3877,0.185937296,1
3878,2.740461162,1
3879,2.60878748,1
3880,0.558239337,1
3881,5.519747172,1
3882,2.22562841,0
3883,1.353169163,1
3884,4.687165727,0
3885,3.486831866,1
3886,1.161245,1
3887,3.312451137,1
3888,3.863280608,0
3889,4.11958935,0
3890,3.569612448,1
3891,0.201198097,1
3892,2.522659922,1
3893,1.307544857,1
3894,0.126394255,1
3895,0.108753863,1
3896,5.563765475,0
3897,1.41336406,0
3898,1.009624777,1
3899,1.437792093,1
3900,5.553194625,0
3901,2.351706874,1
3902,2.939325836,0
3903,0.805832022,1
3904,1.833591776,1
3905,5.061496682,1
3906,2.479619059,1
3907,4.333534534,0
3908,3.18954244,0
3909,5.20351797,1
3910,0.949522225,1
3911,4.943622791,1
3912,2.301089756,0
3913,5.892453055,0
3914,0.935961184,1
3915,0.805458455,1
3916,1.043740002,1
3917,4.775239859,0
3918,5.300800552,0
3919,2.657759691,1
3920,3.133165988,1
3921,1.017128262,1
3922,1.958928187,1
3923,5.897433779,0
3924,0.121933597,1
3925,0.562138272,1
3926,3.808577737,1
3927,0.096327633,1
3928,4.067060025,0
3929,4.181358443,1
3930,0.070914055,1
3931,2.67400992,1
3932,3.76021991,0
3933,5.631707062,1
3934,0.8008,1
3935,3.618725839,1
3936,3.43735372,1
3937,5.788261325,0
3938,0.072993981,1
3939,1.825694842,1
3940,5.558383608,1
3941,3.398224763,1
3942,2.525382818,1
3943,0.698488886,1
3944,4.554682394,1
3945,0.649330801,1
3946,2.450431723,1
3947,0.997606858,1
3948,0.603187196,1
3949,4.706737807,0
3950,0.68822739,1
3951,4.877418026,1
3952,3.304889117,1
3953,5.392825483,1
3954,1.157386367,1
3955,2.894699029,1
3956,5.134428147,0
3957,0.037586836,1
3958,2.144632156,1
3959,2.355886472,1
3960,3.529857273,1
3961,5.682270684,0
3962,1.915891109,1
3963,5.582236537,1
3964,2.054811934,1
3965,1.997044606,1
3966,4.462531804,0
3967,0.802211462,1
3968,1.234102389,0
3969,5.486541348,1
3970,1.662054392,1
3971,4.759011638,1
3972,4.810504032,0
3973,4.858967428,1
3974,0.716974332,1
3975,3.365909086,1
3976,3.106885687,1
3977,2.75994617,0
3978,5.046851608,1
3979,4.848809534,1
3980,1.283172534,0
3981,0.943298149,1
3982,2.217881014,1
3983,3.314810181,0
3984,1.088956866,1
3985,5.313107256,0
3986,1.044503689,1
3987,3.59741817,1
3988,1.792462972,1
3989,2.638174501,1
3990,1.021630089,1
3991,2.408234784,1
3992,2.433940625,1
3993,5.488790914,1
3994,3.206606049,0
3995,2.593364014,1
3996,4.500149547,1
3997,3.141987591,1
3998,1.926429069,0
3999,4.285384545,1
4000,3.475414069,1
4001,4.65388545,1
4002,0.903186597,1
4003,5.912983518,1
4004,1.448178638,0
4005,2.074587119,1
4006,2.198938277,0
4007,4.700571186,1
4008,4.754255051,1
4009,5.05324968,0
4010,1.120710069,1
4011,0.562265972,1
4012,5.076746429,1
4013,5.124329284,1
4014,4.176205475,0
4015,0.104161287,1
4016,5.932891926,1
4017,2.91925812,0
4018,4.695061789,0
4019,2.190366204,1
4020,2.248918268,1
4021,0.914057028,1
4022,5.57073008,0
4023,3.179202013,1
4024,1.134735413,1
4025,0.422387967,1
4026,0.223200988,1
4027,4.96796413,1
4028,1.855504837,1
4029,2.957285441,1
4030,2.163976076,1
4031,3.677118208,1
4032,5.650786123,0
4033,5.308711873,1
4034,5.1673088,0
4035,0.500685253,1
4036,1.695153273,1
4037,4.004664837,1
4038,4.352081261,1
4039,3.806356569,1
4040,1.289345288,0
4041,3.649182624,1
4042,0.383733693,1
4043,5.851790231,1
4044,5.860319558,0
4045,5.327697255,0
4046,2.268304307,1
4047,2.312345261,0
4048,1.744330492,1
4049,1.25152717,1
4050,0.956158502,1
4051,5.64617031,1
4052,4.166258538,1
4053,2.604364389,0
4054,2.175326208,1
4055,4.68038691,1
4056,0.155167013,1
4057,3.681846718,1
4058,0.206119343,1
4059,4.114168483,1
4060,0.74013014,1
4061,0.919604622,1
4062,3.319157592,1
4063,4.754574167,0
4064,5.608775619,0
4065,4.672729828,1
4066,5.335527392,1
4067,2.066293078,0
4068,0.301236409,1
4069,4.430570337,0
4070,2.813857408,1
4071,5.515996509,1
4072,2.856653623,1
4073,3.738933277,1
4074,0.040857199,1
4075,3.634460055,1
4076,4.304246366,0
4077,5.805573567,1
4078,4.595921397,0
4079,2.654003127,1
4080,5.722997128,0
4081,3.69952447,1
4082,4.699081938,0
4083,3.985327228,1
4084,2.906756521,0
4085,0.326855671,1
4086,0.111555492,1
4087,3.891760458,0
4088,0.809312806,1
4089,2.43524082,0
4090,0.697624161,1
4091,4.177429132,1
4092,4.283682197,1
4093,3.642677816,1
4094,5.646458678,0
4095,0.063254373,1
4096,5.646218754,1
4097,3.857358275,0
4098,5.205613654,1
4099,0.004014095,1
4100,1.345114194,1
4101,5.08345102,0
4102,4.588722846,1
4103,5.217912744,0
4104,1.648797905,1
4105,3.763042036,1
4106,4.748870864,1
4107,1.307514851,1
4108,4.197995641,1
4109,2.445971352,1
4110,3.498867544,0
4111,0.353296198,1
4112,2.922159931,0
4113,1.018388448,1
4114,5.691822445,0
4115,5.687401663,0
4116,0.924310822,1
4117,3.421069147,1
4118,0.24248355,1
4119,1.600361135,1
4120,5.083610828,0
4121,1.928755967,1
4122,0.101924816,1
4123,2.724999812,0
4124,3.507080568,0
4125,0.73972096,1
4126,3.351175416,1
4127,5.417349356,1
4128,3.011257044,1
4129,5.514491052,0
4130,5.666334238,1
4131,5.214188788,1
4132,4.790034669,1
4133,5.663595714,0
4134,5.097426772,0
4135,3.68432107,1
4136,0.346655585,1
4137,0.554340128,1
4138,5.462227988,1
4139,3.945026216,0
4140,4.502751319,1
4141,0.542578154,1
4142,5.023953277,1
4143,5.10642036,0
4144,2.291898733,0
4145,1.535120503,1
4146,0.943055477,1
4147,2.047299846,1
4148,1.294174145,0
4149,5.476611341,0
4150,5.828112234,1
4151,5.966516515,0
4152,0.784565624,1
4153,4.095939297,1
4154,3.971358121,1
4155,1.85535113,0
4156,4.844686949,0
4157,4.690157304,1
4158,4.671358197,1
4159,1.798399713,1
4160,4.949589734,1
4161,4.160683225,1
4162,0.783937496,1
4163,4.250208913,1
4164,1.175130924,1
4165,5.569351436,1
4166,3.89373119,0
4167,5.461772372,1
4168,4.199371351,1
4169,2.858337721,0
4170,4.644106786,0
4171,2.675378391,0
4172,1.948104132,1
4173,0.773317602,1
4174,3.498243355,1
4175,2.598040281,1
4176,3.626680337,0
4177,4.041371203,1
4178,0.412853865,1
4179,0.750048905,1
4180,2.519663885,1
4181,0.514137658,1
4182,4.562262222,0
4183,1.97560857,1
4184,1.038275787,1
4185,3.4413705,1
4186,3.93702723,1
4187,0.796296919,1
4188,0.415759535,1
4189,5.675572973,0
4190,2.130064659,1
4191,4.950208156,0
4192,3.858327975,1
4193,1.049257669,1
4194,2.356038315,1
4195,0.260734075,1
4196,5.308873352,0
4197,5.67183625,1
4198,2.222727171,0
4199,1.806382334,1
4200,4.728506096,1
4201,2.143132842,1
4202,2.106934548,1
4203,2.351525938,0
4204,1.665358885,1
4205,0.349678891,1
4206,3.748377326,0
4207,1.867425321,1
4208,2.453951637,0
4209,3.890770095,0
4210,1.319809321,1
4211,2.870979846,1
4212,0.566939846,1
4213,0.993785798,1
4214,0.098549374,1
4215,1.179191316,0
4216,0.664140143,1
4217,2.32178322,1
4218,4.204145193,1
4219,4.217713609,1
4220,5.390054202,1
4221,3.565227372,0
4222,4.899270584,0
4223,5.469452503,1
4224,5.752335351,1
4225,1.368240057,1
4226,3.470289779,1
4227,5.435673395,1
4228,1.774535363,0
4229,2.977257817,1
4230,0.727812878,1
4231,4.903712482,0
4232,3.234226046,1
4233,5.07391343,1
4234,4.864361289,0
4235,3.904431305,1
4236,1.582311929,0
4237,4.191562478,1
4238,1.13870134,1
4239,0.841514535,0
4240,1.732273163,0
4241,4.175585159,0
4242,3.065699829,0
4243,5.738526455,1
4244,1.043341806,1
4245,5.766308385,1
4246,4.751430799,1
4247,5.195463608,0
4248,1.798196554,1
4249,5.488142556,1
4250,2.237341038,1
4251,3.779706087,0
4252,3.957362917,1
4253,0.177265858,1
4254,3.75634145,1
4255,5.156912431,1
4256,0.871613341,1
4257,4.336731113,1
4258,5.717149828,0
4259,0.819227217,1
4260,4.077565011,1
4261,1.784962133,1
4262,2.80833633,1
4263,2.366165365,0
4264,4.578555627,0
4265,4.699563436,0
4266,4.403261546,0
4267,5.39442626,0
4268,3.42984042,1
4269,0.90946017,1
4270,5.916773485,0
4271,5.321210562,0
4272,4.914634316,0
4273,5.125472817,1
4274,2.251792916,1
4275,2.066597759,1
4276,1.6218465,1
4277,1.817754992,1
4278,1.674049859,1
4279,5.332233085,0
4280,4.259725049,1
4281,4.255679832,1
4282,4.359375012,0
4283,3.564814323,1
4284,0.678889512,1
4285,3.070433916,1
4286,4.529462084,0
4287,5.123437188,0
4288,5.667720841,0
4289,4.043420687,0
4290,3.982862546,1
4291,1.710281065,1
4292,1.622063327,1
4293,5.714497231,1
4294,2.716426774,0
4295,1.483399527,0
4296,3.190149284,0
4297,4.694532704,1
4298,4.388868453,1
4299,2.258494911,0
4300,4.178448765,0
4301,0.76772717,1
4302,3.046182318,1
4303,4.543095997,1
4304,4.301432528,0
4305,4.634706253,0
4306,2.555281033,1
4307,3.760201784,0
4308,4.071668909,0
4309,1.535742124,1
4310,3.794358259,0
4311,1.112176397,1
4312,0.942477186,1
4313,3.884982255,0
4314,3.017855005,1
4315,0.55382608,1
4316,2.65081874,1
4317,3.20060215,1
4318,4.937533317,1
4319,1.861898143,1
4320,5.459523467,1
4321,2.465256397,0
4322,4.375885111,0
4323,5.046915014,0
4324,5.076123897,0
4325,2.16740327,0
4326,1.296177126,0
4327,3.196566629,1
4328,0.31633099,1
4329,4.984307779,0
4330,2.714464036,1
4331,1.816259938,1
4332,3.870586269,1
4333,3.971204033,1
4334,2.678581995,1
4335,1.76376557,0
4336,2.260560343,0
4337,5.728777747,0
4338,1.469796878,1
4339,2.101016744,1
4340,0.099318474,1
4341,5.372897039,0
4342,0.791792322,1
4343,4.572245798,0
4344,5.932099775,0
4345,4.131406979,0
4346,0.097487277,1
4347,0.125086143,1
4348,3.134564663,1
4349,2.6991597,1
4350,4.329783923,0
4351,1.496561086,1
4352,0.088174997,1
4353,3.31271108,0
4354,3.79929527,1
4355,4.676234947,1
4356,1.36941526,1
4357,0.980851865,1
4358,3.713646735,1
4359,3.759318659,0
4360,3.602708006,1
4361,2.835146051,1
4362,5.049264682,0
4363,0.652399761,1
4364,4.376071352,0
4365,0.810612924,1
4366,3.446448631,1
4367,3.282909919,0
4368,5.56475042,1
4369,4.094493441,0
4370,3.624978159,1
4371,3.955600398,0
4372,5.412755031,0
4373,4.733241689,1
4374,5.186126857,0
4375,2.83485476,0
4376,2.70074265,1
4377,1.08505887,1
4378,0.740369896,1
4379,0.486118224,1
4380,3.065228509,0
4381,5.854377538,1
4382,0.492395285,1
4383,4.044710581,1
4384,0.256924202,1
4385,2.051456372,1
4386,1.134536345,1
4387,1.162809507,1
4388,4.986536791,0
4389,3.45835572,1
4390,5.624697849,0
4391,4.775243955,0
4392,2.150231858,0
4393,2.821410394,1
4394,5.134671752,0
4395,4.847047403,0
4396,3.403727145,1
4397,4.361934159,0
4398,3.521706976,0
4399,5.168054974,1
4400,5.077771223,0
4401,4.470609558,1
4402,1.408126147,1
4403,2.400698008,1
4404,4.124758296,0
4405,0.795736817,1
4406,5.102970375,1
4407,4.463840256,1
4408,5.555067516,1
4409,1.361990056,1
4410,3.474107293,1
4411,3.600097907,1
4412,1.381575001,0
4413,1.495878189,1
4414,5.292065211,1
4415,1.567738843,1
4416,3.761333739,0
4417,1.128034927,1
4418,3.090428329,1
4419,0.526251573,1
4420,3.944002617,1
4421,0.697688393,1
4422,5.273721133,0
4423,0.689186783,1
4424,0.150414665,1
4425,1.452101031,1
4426,1.965884795,1
4427,3.270977232,1
4428,5.797067128,0
4429,3.140630357,0
4430,5.432886049,1
4431,0.743608368,1
4432,5.81970414,0
4433,3.396784506,1
4434,3.599109506,1
4435,1.968653426,1
4436,1.097383217,1
4437,4.241331991,1
4438,1.286106682,1
4439,2.244813556,1
4440,1.28916899,1
4441,4.796861611,1
4442,5.606300806,1
4443,5.608353009,0
4444,1.445745516,1
4445,3.889687496,1
4446,2.100991126,0
4447,0.323764089,1
4448,5.257109915,0
4449,3.284753134,1
4450,0.9506429,1
4451,0.998543582,1
4452,2.693560433,1
4453,5.615086486,1
4454,2.807141961,0
4455,5.964937682,1
4456,3.708237877,0
4457,2.347536088,1
4458,2.243159981,1
4459,0.551386479,1
4460,2.222502424,1
4461,5.28535455,0
4462,3.331389413,1
4463,1.638685945,1
4464,5.642028102,0
4465,4.835043677,1
4466,5.976249253,0
4467,2.313176849,0
4468,1.668085999,1
4469,4.706654139,1
4470,4.096639489,1
4471,4.772648693,1
4472,0.175116329,1
4473,0.632483887,1
4474,1.961891372,1
4475,3.071660284,1
4476,5.582795495,1
4477,2.09844498,0
4478,1.897829093,1
4479,0.20085283,1
4480,0.017897289,1
4481,5.633426305,1
4482,4.514958189,1
4483,0.419627724,1
4484,3.402595318,1
4485,5.007883012,1
4486,0.420037574,1
4487,1.145598777,1
4488,1.218709831,0
4489,5.293101059,0
4490,1.575399173,1
4491,0.944331587,1
4492,4.078630863,1
4493,4.627656165,1
4494,4.591237072,0
4495,3.406803668,1
4496,4.727850301,1
4497,5.725615274,0
4498,2.924084292,0
4499,3.024254405,1
4500,5.767407607,0
4501,0.714535714,1
4502,1.917162842,0
4503,5.106068525,1
4504,2.53476868,0
4505,1.541226498,1
4506,1.989686012,1
4507,3.268645836,1
4508,5.504214664,0
4509,4.57526946,1
4510,1.729815077,1
4511,1.32956518,1
4512,3.228914645,1
4513,4.439731838,1
4514,1.079011694,1
4515,1.551752561,0
4516,4.712989278,1
4517,3.46305396,1
4518,1.060947973,1
4519,5.595691582,0
4520,2.898404638,1
4521,5.212487366,1
4522,0.689683385,1
4523,4.62699588,0
4524,2.271472898,1
4525,0.52624112,1
4526,0.528093476,1
4527,3.025210314,1
4528,4.136396735,1
4529,4.876783692,1
4530,2.225746534,1
4531,4.40758573,1
4532,3.747755619,0
4533,2.695323084,1
4534,5.439544206,1
4535,0.819054026,1
4536,3.50149416,0
4537,4.201310333,1
4538,0.183908824,1
4539,1.328740749,1
4540,3.632236685,0
4541,3.059615064,1
4542,0.818641992,1
4543,1.552161073,1
4544,0.212644857,1
4545,3.256910502,0
4546,3.958462047,1
4547,1.333890776,1
4548,2.602462001,0
4549,5.214925267,0
4550,4.524022096,1
4551,1.672568105,1
4552,1.429840282,1
4553,5.448578911,0
4554,1.043582853,1
4555,2.779226171,1
4556,2.055252502,1
4557,4.567942006,1
4558,2.159951352,1
4559,0.138947403,1
4560,5.495851307,0
4561,1.414869734,1
4562,2.553868335,1
4563,4.081128925,1
4564,1.862510047,0
4565,3.946613354,1
4566,0.934300676,1
4567,5.90024623,1
4568,5.714432648,1
4569,1.605579575,0
4570,5.299783417,1
4571,4.456054149,0
4572,2.206907119,1
4573,5.271386033,1
4574,4.446116146,0
4575,4.305181566,0
4576,4.947996927,1
4577,5.081180776,1
4578,1.131397962,1
4579,0.911889904,0
4580,2.626982949,1
4581,0.330107315,1
4582,5.456648063,1
4583,3.188792235,1
4584,5.458717788,0
4585,2.641969451,1
4586,2.388277831,0
4587,2.95336045,1
4588,4.027627353,1
4589,1.456928458,1
4590,1.682268938,1
4591,2.694367843,1
4592,4.510875594,1
4593,0.290776606,1
4594,5.523871264,1
4595,5.497394054,0
4596,1.976239275,1
4597,2.151185764,1
4598,4.096037676,1
4599,3.355259406,1
4600,2.929532453,1
4601,4.722901577,1
4602,1.6982722,1
4603,0.229022834,1
4604,0.146264529,1
4605,5.835539244,1
4606,2.191403257,1
4607,0.798090567,1
4608,2.939425152,1
4609,5.988973582,1
4610,1.377881242,1
4611,0.391311944,1
4612,5.870132138,1
4613,1.760163276,1
4614,0.712082498,1
4615,3.989755239,0
4616,2.934737767,1
4617,5.865544403,0
4618,0.695836225,1
4619,4.353861448,0
4620,1.557803975,1
4621,5.852646206,0
4622,4.299242253,1
4623,2.596899702,1
4624,0.720768775,1
4625,1.566959253,1
4626,1.808072978,1
4627,0.73867249,1
4628,5.742794737,0
4629,3.815937153,1
4630,5.690333306,0
4631,2.180415416,0
4632,5.993823643,0
4633,3.060763442,1
4634,1.721875165,1
4635,5.457325979,1
4636,0.994941256,1
4637,2.672142583,1
4638,4.959653165,1
4639,3.456816357,1
4640,5.280237882,0
4641,3.502442188,1
4642,4.569205488,0
4643,5.704539174,1
4644,2.253287766,0
4645,4.548796011,1
4646,3.068649172,0
4647,5.381486535,1
4648,1.015173829,1
4649,0.476057143,1
4650,1.061029771,1
4651,0.918131505,1
4652,5.51694427,1
4653,1.108665557,1
4654,2.526216379,1
4655,2.71401428,1
4656,5.211633453,0
4657,4.917220072,0
4658,5.738789476,0
4659,4.172826165,1
4660,3.680723678,0
4661,2.051421235,1
4662,0.987871364,1
4663,5.396417403,0
4664,2.527548794,1
4665,1.262312738,1
4666,3.277978936,1
4667,3.537149128,0
4668,4.78851362,0
4669,0.935357903,1
4670,2.974598273,0
4671,4.330643317,0
4672,5.445263682,1
4673,2.201583958,1
4674,5.008380788,0
4675,4.399278531,0
4676,1.247437338,1
4677,3.95939105,1
4678,5.171003081,0
4679,2.006999864,0
4680,1.966276444,1
4681,4.177389705,1
4682,1.096574388,1
4683,4.406250757,0
4684,0.292492628,1
4685,0.226582852,1
4686,4.289287537,0
4687,5.199326593,1
4688,1.058685818,1
4689,2.370255063,1
4690,3.024904808,1
4691,0.869664463,1
4692,1.414248283,1
4693,5.039742647,1
4694,3.204483935,1
4695,4.109962994,1
4696,5.65697539,1
4697,1.996998816,1
4698,0.411927907,1
4699,4.618427952,1
4700,5.462581714,0
4701,2.905657369,0
4702,0.227801143,1
4703,4.79509873,0
4704,5.502626084,0
4705,0.693154558,1
4706,4.919495906,1
4707,0.295162921,1
4708,3.310950297,1
4709,1.237310965,0
4710,0.178825147,1
4711,3.319510864,1
4712,4.235046078,1
4713,4.937217211,0
4714,1.970981868,1
4715,3.755106237,1
4716,5.297740813,1
4717,5.241462693,0
4718,5.820155341,1
4719,4.08875953,1
4720,0.705127205,1
4721,4.46102298,1
4722,1.951232599,1
4723,4.634672089,1
4724,2.998637269,1
4725,5.254103627,0
4726,0.506121115,1
4727,1.296344128,1
4728,5.129321727,0
4729,2.580347736,1
4730,1.003551768,1
4731,0.954146243,1
4732,2.85909731,1
4733,3.187386806,0
4734,3.207673192,1
4735,0.25360007,1
4736,4.557981567,1
4737,2.610367134,1
4738,2.498518322,1
4739,1.275816311,1
4740,5.409744236,1
4741,2.049133667,1
4742,4.439219262,0
4743,1.806106148,0
4744,1.941891901,1
4745,5.988626435,1
4746,1.035740046,1
4747,5.785548803,0
4748,4.784218313,0
4749,4.224450433,1
4750,0.487585488,1
4751,3.075764039,1
4752,5.906335306,0
4753,1.871846286,1
4754,0.756798776,1
4755,2.949370955,1
4756,5.896283519,1
4757,1.43104384,1
4758,1.894796234,1
4759,0.777394198,1
4760,0.132105566,1
4761,4.179547411,1
4762,2.352908592,0
4763,0.447775944,1
4764,4.821493741,1
4765,2.54652373,1
4766,4.213734155,1
4767,1.901315614,1
4768,3.413413632,0
4769,3.146194993,1
4770,1.8194832,1
4771,5.99161825,0
4772,4.553964558,0
4773,2.099932624,1
4774,1.528616589,1
4775,2.389826955,1
4776,4.264059803,0
4777,5.9524936,0
4778,5.826460437,0
4779,1.384569564,1
4780,3.443753049,1
4781,5.41860383,0
4782,0.879168655,1
4783,0.727445368,1
4784,5.489692754,1
4785,2.128091662,1
4786,2.730508278,0
4787,0.275678906,1
4788,2.284564043,1
4789,3.522513838,1
4790,2.892314309,0
4791,3.986975575,1
4792,0.997187448,1
4793,0.935224215,1
4794,0.511796129,1
4795,0.619108437,1
4796,1.151472885,1
4797,4.124769184,1
4798,0.765211114,1
4799,5.898747073,1
4800,3.940869669,1
4801,4.663116844,1
4802,5.862993173,1
4803,4.447453872,1
4804,3.264829021,1
4805,2.981323991,1
4806,4.590115988,1
4807,3.996894516,0
4808,3.494326956,0
4809,4.344160909,1
4810,5.109914023,1
4811,3.576755503,1
4812,2.442396452,0
4813,2.56711799,0
4814,4.418609731,1
4815,5.039395065,1
4816,0.439437626,1
4817,2.752251446,1
4818,1.948267557,1
4819,4.673281905,0
4820,3.849284838,1
4821,5.110350701,1
4822,3.867574102,1
4823,0.236572074,1
4824,0.40502066,1
4825,4.840672447,1
4826,4.315013653,1
4827,4.897928168,1
4828,5.758247259,1
4829,4.762248153,0
4830,4.863214254,0
4831,1.110245801,1
4832,4.032116677,1
4833,3.385017001,0
4834,0.22888545,1
4835,0.319845524,1
4836,0.028353498,1
4837,0.543520896,1
4838,3.416218558,0
4839,3.923075838,1
4840,2.779616731,1
4841,0.158663244,1
4842,4.939146164,0
4843,5.130755339,0
4844,1.052538664,1
4845,2.630583709,1
4846,1.535653107,1
4847,0.415931108,1
4848,5.671063337,1
4849,5.916466917,0
4850,3.224049637,1
4851,2.696991053,0
4852,5.175039304,1
4853,5.96359867,0
4854,1.211090737,1
4855,2.00754717,1
4856,1.621494894,1
4857,3.17731436,1
4858,4.678328238,1
4859,0.183743791,1
4860,0.558485411,1
4861,2.856991295,1
4862,4.282680049,1
4863,2.676056059,0
4864,2.112445337,1
4865,3.619909718,1
4866,4.174527481,0
4867,5.925687408,0
4868,0.914595573,1
4869,4.100603167,1
4870,3.505512507,0
4871,1.966371843,1
4872,0.836039479,1
4873,1.524708231,1
4874,2.55786748,1
4875,2.618842808,1
4876,1.684223465,0
4877,3.38180468,0
4878,1.993938071,0
4879,4.193387466,1
4880,4.404768902,1
4881,3.414290614,1
4882,1.595738144,1
4883,5.704692585,1
4884,5.393327268,1
4885,1.353524627,1
4886,3.379705157,0
4887,0.579964063,1
4888,2.041823182,1
4889,5.144166658,1
4890,3.875536928,1
4891,3.246314443,1
4892,3.891828312,1
4893,0.237235117,1
4894,1.883587169,1
4895,5.149136914,1
4896,2.688712076,1
4897,0.362562799,1
4898,3.695965551,0
4899,0.655742065,1
4900,4.628672843,1
4901,1.273188856,1
4902,3.63499413,1
4903,2.245642564,1
4904,3.014329047,0
4905,2.043298268,1
4906,2.008827481,0
4907,4.727362448,1
4908,2.674381246,1
4909,3.270181613,1
4910,4.919307295,1
4911,2.41579008,1
4912,5.357433291,1
4913,3.437634343,1
4914,1.643856381,1
4915,4.384862254,0
4916,3.266641124,0
4917,1.369667569,1
4918,3.877252098,1
4919,3.983012085,1
4920,2.521405008,1
4921,5.749617021,1
4922,1.38851245,1
4923,1.872887159,1
4924,3.358179428,1
4925,2.536947545,0
4926,3.615929875,1
4927,4.645352701,1
4928,3.012972165,1
4929,0.14578756,1
4930,5.465940978,1
4931,3.668878791,1
4932,5.428776966,0
4933,5.400071152,1
4934,3.15923378,1
4935,2.48776892,1
4936,3.583053831,1
4937,5.807094976,1
4938,1.415802965,1
4939,5.268492128,1
4940,5.622243438,0
4941,3.302645396,1
4942,5.446363074,0
4943,2.067754175,1
4944,5.085089553,1
4945,1.97194225,1
4946,0.600394437,1
4947,2.494027484,1
4948,3.623101264,1
4949,5.889666105,0
4950,3.222587774,1
4951,2.562577515,0
4952,5.725966697,0
4953,4.247219514,0
4954,5.016646312,1
4955,5.260250097,0
4956,2.177745372,0
4957,0.113346151,1
4958,1.258560336,1
4959,4.012427614,0
4960,2.689363549,0
4961,2.509164979,0
4962,1.277513858,1
4963,5.297310818,0
4964,0.253137436,1
4965,4.149663625,0
4966,4.432157154,1
4967,2.260076265,1
4968,0.533735009,1
4969,3.043486415,0
4970,1.059916863,1
4971,5.902756304,0
4972,3.143797053,1
4973,4.770242561,1
4974,0.768843349,1
4975,5.570893325,1
4976,4.740304811,1
4977,3.473134978,1
4978,3.161117013,1
4979,0.220005629,1
4980,0.13171659,1
4981,5.137482048,0
4982,1.753694534,1
4983,4.214673516,1
4984,5.246369136,1
4985,1.081368306,1
4986,0.77552429,1
4987,1.647555257,1
4988,2.253842572,1
4989,2.653748189,1
4990,5.326100822,1
4991,0.088546157,1
4992,5.39660602,0
4993,5.498314298,1
4994,5.936906634,0
4995,4.700902239,0
4996,5.05069629,0
4997,4.667081481,0
4998,1.599132345,1
4999,5.74692992,1
5000,1.759506407,1
